/home/sy/.local/lib/python3.12/site-packages/pretty_midi/pretty_midi.py:122: RuntimeWarning: Tempo, Key or Time signature change events found on non-zero tracks.  This is not a valid type 0 or type 1 MIDI file.  Tempo, Key or Time Signature may be wrong.
  warnings.warn(
/home/sy/.local/lib/python3.12/site-packages/pretty_midi/pretty_midi.py:122: RuntimeWarning: Tempo, Key or Time signature change events found on non-zero tracks.  This is not a valid type 0 or type 1 MIDI file.  Tempo, Key or Time Signature may be wrong.
  warnings.warn(
/home/sy/.local/lib/python3.12/site-packages/pretty_midi/pretty_midi.py:122: RuntimeWarning: Tempo, Key or Time signature change events found on non-zero tracks.  This is not a valid type 0 or type 1 MIDI file.  Tempo, Key or Time Signature may be wrong.
  warnings.warn(
/home/sy/.local/lib/python3.12/site-packages/pretty_midi/pretty_midi.py:122: RuntimeWarning: Tempo, Key or Time signature change events found on non-zero tracks.  This is not a valid type 0 or type 1 MIDI file.  Tempo, Key or Time Signature may be wrong.
  warnings.warn(
/home/sy/.local/lib/python3.12/site-packages/pretty_midi/pretty_midi.py:122: RuntimeWarning: Tempo, Key or Time signature change events found on non-zero tracks.  This is not a valid type 0 or type 1 MIDI file.  Tempo, Key or Time Signature may be wrong.
  warnings.warn(
/home/sy/.local/lib/python3.12/site-packages/pretty_midi/pretty_midi.py:122: RuntimeWarning: Tempo, Key or Time signature change events found on non-zero tracks.  This is not a valid type 0 or type 1 MIDI file.  Tempo, Key or Time Signature may be wrong.
  warnings.warn(
/home/sy/.local/lib/python3.12/site-packages/pretty_midi/pretty_midi.py:122: RuntimeWarning: Tempo, Key or Time signature change events found on non-zero tracks.  This is not a valid type 0 or type 1 MIDI file.  Tempo, Key or Time Signature may be wrong.
  warnings.warn(
/home/sy/.local/lib/python3.12/site-packages/pretty_midi/pretty_midi.py:122: RuntimeWarning: Tempo, Key or Time signature change events found on non-zero tracks.  This is not a valid type 0 or type 1 MIDI file.  Tempo, Key or Time Signature may be wrong.
  warnings.warn(
/home/sy/.local/lib/python3.12/site-packages/pretty_midi/pretty_midi.py:122: RuntimeWarning: Tempo, Key or Time signature change events found on non-zero tracks.  This is not a valid type 0 or type 1 MIDI file.  Tempo, Key or Time Signature may be wrong.
  warnings.warn(
/home/sy/.local/lib/python3.12/site-packages/pretty_midi/pretty_midi.py:122: RuntimeWarning: Tempo, Key or Time signature change events found on non-zero tracks.  This is not a valid type 0 or type 1 MIDI file.  Tempo, Key or Time Signature may be wrong.
  warnings.warn(
/home/sy/.local/lib/python3.12/site-packages/pretty_midi/pretty_midi.py:122: RuntimeWarning: Tempo, Key or Time signature change events found on non-zero tracks.  This is not a valid type 0 or type 1 MIDI file.  Tempo, Key or Time Signature may be wrong.
  warnings.warn(
/home/sy/.local/lib/python3.12/site-packages/pretty_midi/pretty_midi.py:122: RuntimeWarning: Tempo, Key or Time signature change events found on non-zero tracks.  This is not a valid type 0 or type 1 MIDI file.  Tempo, Key or Time Signature may be wrong.
  warnings.warn(
/home/sy/.local/lib/python3.12/site-packages/pretty_midi/pretty_midi.py:122: RuntimeWarning: Tempo, Key or Time signature change events found on non-zero tracks.  This is not a valid type 0 or type 1 MIDI file.  Tempo, Key or Time Signature may be wrong.
  warnings.warn(
读取metadata: data/asap-dataset/metadata.csv
找到 1067 个performance

[1/1067] 处理: Bach/Fugue/bwv_846/Shi05M.mid

============================================================
处理: Shi05M.mid
============================================================
处理MIDI Score: data/asap-dataset/Bach/Fugue/bwv_846/midi_score.mid
运行Nakamura对齐: midi_score -> Shi05M
对齐结果: 754 个音符对应关系
警告: 2 个annotations需要插值
Performance annotations已保存到: data/asap-dataset/Bach/Fugue/bwv_846/Shi05M_annotations.txt.new

比较结果:
  生成的annotations数量: 107
  参考的annotations数量: 106
  ⚠️  数量不一致！
  ⚠️ 时间匹配但标签有差异

[2/1067] 处理: Bach/Fugue/bwv_848/Denisova06M.mid

============================================================
处理: Denisova06M.mid
============================================================
处理MIDI Score: data/asap-dataset/Bach/Fugue/bwv_848/midi_score.mid
运行Nakamura对齐: midi_score -> Denisova06M
对齐结果: 1435 个音符对应关系
警告: 2 个annotations需要插值
Performance annotations已保存到: data/asap-dataset/Bach/Fugue/bwv_848/Denisova06M_annotations.txt.new

比较结果:
  生成的annotations数量: 219
  参考的annotations数量: 217
  ⚠️  数量不一致！
  ⚠️ 时间匹配但标签有差异

[3/1067] 处理: Bach/Fugue/bwv_848/Lee01M.mid

============================================================
处理: Lee01M.mid
============================================================
处理MIDI Score: data/asap-dataset/Bach/Fugue/bwv_848/midi_score.mid
运行Nakamura对齐: midi_score -> Lee01M
对齐结果: 1438 个音符对应关系
警告: 2 个annotations需要插值
Performance annotations已保存到: data/asap-dataset/Bach/Fugue/bwv_848/Lee01M_annotations.txt.new

比较结果:
  生成的annotations数量: 219
  参考的annotations数量: 217
  ⚠️  数量不一致！
  ⚠️ 时间匹配但标签有差异

[4/1067] 处理: Bach/Fugue/bwv_848/LeeSH01M.mid

============================================================
处理: LeeSH01M.mid
============================================================
处理MIDI Score: data/asap-dataset/Bach/Fugue/bwv_848/midi_score.mid
运行Nakamura对齐: midi_score -> LeeSH01M
对齐结果: 1429 个音符对应关系
警告: 2 个annotations需要插值
Performance annotations已保存到: data/asap-dataset/Bach/Fugue/bwv_848/LeeSH01M_annotations.txt.new

比较结果:
  生成的annotations数量: 219
  参考的annotations数量: 217
  ⚠️  数量不一致！
  ⚠️ 时间匹配但标签有差异

[5/1067] 处理: Bach/Fugue/bwv_848/Lin04M.mid

============================================================
处理: Lin04M.mid
============================================================
处理MIDI Score: data/asap-dataset/Bach/Fugue/bwv_848/midi_score.mid
运行Nakamura对齐: midi_score -> Lin04M
对齐结果: 1431 个音符对应关系
警告: 2 个annotations需要插值
Performance annotations已保存到: data/asap-dataset/Bach/Fugue/bwv_848/Lin04M_annotations.txt.new

比较结果:
  生成的annotations数量: 219
  参考的annotations数量: 217
  ⚠️  数量不一致！
  ⚠️ 时间匹配但标签有差异

[6/1067] 处理: Bach/Fugue/bwv_848/Lou01M.mid

============================================================
处理: Lou01M.mid
============================================================
处理MIDI Score: data/asap-dataset/Bach/Fugue/bwv_848/midi_score.mid
运行Nakamura对齐: midi_score -> Lou01M
对齐结果: 1433 个音符对应关系
警告: 2 个annotations需要插值
Performance annotations已保存到: data/asap-dataset/Bach/Fugue/bwv_848/Lou01M_annotations.txt.new

比较结果:
  生成的annotations数量: 219
  参考的annotations数量: 217
  ⚠️  数量不一致！
  ⚠️ 时间匹配但标签有差异

[7/1067] 处理: Bach/Fugue/bwv_848/MiyashitaM01M.mid

============================================================
处理: MiyashitaM01M.mid
============================================================
处理MIDI Score: data/asap-dataset/Bach/Fugue/bwv_848/midi_score.mid
运行Nakamura对齐: midi_score -> MiyashitaM01M
对齐结果: 1438 个音符对应关系
警告: 2 个annotations需要插值
Performance annotations已保存到: data/asap-dataset/Bach/Fugue/bwv_848/MiyashitaM01M_annotations.txt.new

比较结果:
  生成的annotations数量: 219
  参考的annotations数量: 217
  ⚠️  数量不一致！
  ⚠️ 时间匹配但标签有差异

[8/1067] 处理: Bach/Fugue/bwv_848/Mizumoto03M.mid

============================================================
处理: Mizumoto03M.mid
============================================================
处理MIDI Score: data/asap-dataset/Bach/Fugue/bwv_848/midi_score.mid
运行Nakamura对齐: midi_score -> Mizumoto03M
对齐结果: 1440 个音符对应关系
警告: 2 个annotations需要插值
Performance annotations已保存到: data/asap-dataset/Bach/Fugue/bwv_848/Mizumoto03M_annotations.txt.new

比较结果:
  生成的annotations数量: 219
  参考的annotations数量: 217
  ⚠️  数量不一致！
  ⚠️ 时间匹配但标签有差异

[9/1067] 处理: Bach/Fugue/bwv_848/SunY01M.mid

============================================================
处理: SunY01M.mid
============================================================
处理MIDI Score: data/asap-dataset/Bach/Fugue/bwv_848/midi_score.mid
运行Nakamura对齐: midi_score -> SunY01M
对齐结果: 1431 个音符对应关系
警告: 2 个annotations需要插值
Performance annotations已保存到: data/asap-dataset/Bach/Fugue/bwv_848/SunY01M_annotations.txt.new

比较结果:
  生成的annotations数量: 219
  参考的annotations数量: 217
  ⚠️  数量不一致！
  ⚠️ 时间匹配但标签有差异

[10/1067] 处理: Bach/Fugue/bwv_848/Zhou01M.mid

============================================================
处理: Zhou01M.mid
============================================================
处理MIDI Score: data/asap-dataset/Bach/Fugue/bwv_848/midi_score.mid
运行Nakamura对齐: midi_score -> Zhou01M
对齐结果: 1430 个音符对应关系
警告: 2 个annotations需要插值
Performance annotations已保存到: data/asap-dataset/Bach/Fugue/bwv_848/Zhou01M_annotations.txt.new

比较结果:
  生成的annotations数量: 219
  参考的annotations数量: 217
  ⚠️  数量不一致！
  ⚠️ 时间匹配但标签有差异

[11/1067] 处理: Bach/Fugue/bwv_854/LuA01M.mid

============================================================
处理: LuA01M.mid
============================================================
处理MIDI Score: data/asap-dataset/Bach/Fugue/bwv_854/midi_score.mid
运行Nakamura对齐: midi_score -> LuA01M
对齐结果: 739 个音符对应关系
警告: 5 个annotations需要插值
Performance annotations已保存到: data/asap-dataset/Bach/Fugue/bwv_854/LuA01M_annotations.txt.new

比较结果:
  生成的annotations数量: 113
  参考的annotations数量: 111
  ⚠️  数量不一致！
  ⚠️ 时间匹配但标签有差异

[12/1067] 处理: Bach/Fugue/bwv_854/MiyashitaM01M.mid

============================================================
处理: MiyashitaM01M.mid
============================================================
处理MIDI Score: data/asap-dataset/Bach/Fugue/bwv_854/midi_score.mid
运行Nakamura对齐: midi_score -> MiyashitaM01M
对齐结果: 738 个音符对应关系
警告: 5 个annotations需要插值
Performance annotations已保存到: data/asap-dataset/Bach/Fugue/bwv_854/MiyashitaM01M_annotations.txt.new

比较结果:
  生成的annotations数量: 113
  参考的annotations数量: 111
  ⚠️  数量不一致！
  ⚠️ 时间匹配但标签有差异

[13/1067] 处理: Bach/Fugue/bwv_854/Ozaki01M.mid

============================================================
处理: Ozaki01M.mid
============================================================
处理MIDI Score: data/asap-dataset/Bach/Fugue/bwv_854/midi_score.mid
运行Nakamura对齐: midi_score -> Ozaki01M
对齐结果: 734 个音符对应关系
警告: 5 个annotations需要插值
Performance annotations已保存到: data/asap-dataset/Bach/Fugue/bwv_854/Ozaki01M_annotations.txt.new/home/sy/.local/lib/python3.12/site-packages/pretty_midi/pretty_midi.py:122: RuntimeWarning: Tempo, Key or Time signature change events found on non-zero tracks.  This is not a valid type 0 or type 1 MIDI file.  Tempo, Key or Time Signature may be wrong.
  warnings.warn(
/home/sy/.local/lib/python3.12/site-packages/pretty_midi/pretty_midi.py:122: RuntimeWarning: Tempo, Key or Time signature change events found on non-zero tracks.  This is not a valid type 0 or type 1 MIDI file.  Tempo, Key or Time Signature may be wrong.
  warnings.warn(
/home/sy/.local/lib/python3.12/site-packages/pretty_midi/pretty_midi.py:122: RuntimeWarning: Tempo, Key or Time signature change events found on non-zero tracks.  This is not a valid type 0 or type 1 MIDI file.  Tempo, Key or Time Signature may be wrong.
  warnings.warn(
/home/sy/.local/lib/python3.12/site-packages/pretty_midi/pretty_midi.py:122: RuntimeWarning: Tempo, Key or Time signature change events found on non-zero tracks.  This is not a valid type 0 or type 1 MIDI file.  Tempo, Key or Time Signature may be wrong.
  warnings.warn(
/home/sy/.local/lib/python3.12/site-packages/pretty_midi/pretty_midi.py:122: RuntimeWarning: Tempo, Key or Time signature change events found on non-zero tracks.  This is not a valid type 0 or type 1 MIDI file.  Tempo, Key or Time Signature may be wrong.
  warnings.warn(
/home/sy/.local/lib/python3.12/site-packages/pretty_midi/pretty_midi.py:122: RuntimeWarning: Tempo, Key or Time signature change events found on non-zero tracks.  This is not a valid type 0 or type 1 MIDI file.  Tempo, Key or Time Signature may be wrong.
  warnings.warn(
/home/sy/.local/lib/python3.12/site-packages/pretty_midi/pretty_midi.py:122: RuntimeWarning: Tempo, Key or Time signature change events found on non-zero tracks.  This is not a valid type 0 or type 1 MIDI file.  Tempo, Key or Time Signature may be wrong.
  warnings.warn(
/home/sy/.local/lib/python3.12/site-packages/pretty_midi/pretty_midi.py:122: RuntimeWarning: Tempo, Key or Time signature change events found on non-zero tracks.  This is not a valid type 0 or type 1 MIDI file.  Tempo, Key or Time Signature may be wrong.
  warnings.warn(
/home/sy/.local/lib/python3.12/site-packages/pretty_midi/pretty_midi.py:122: RuntimeWarning: Tempo, Key or Time signature change events found on non-zero tracks.  This is not a valid type 0 or type 1 MIDI file.  Tempo, Key or Time Signature may be wrong.
  warnings.warn(
/home/sy/.local/lib/python3.12/site-packages/pretty_midi/pretty_midi.py:122: RuntimeWarning: Tempo, Key or Time signature change events found on non-zero tracks.  This is not a valid type 0 or type 1 MIDI file.  Tempo, Key or Time Signature may be wrong.
  warnings.warn(
/home/sy/.local/lib/python3.12/site-packages/pretty_midi/pretty_midi.py:122: RuntimeWarning: Tempo, Key or Time signature change events found on non-zero tracks.  This is not a valid type 0 or type 1 MIDI file.  Tempo, Key or Time Signature may be wrong.
  warnings.warn(
/home/sy/.local/lib/python3.12/site-packages/pretty_midi/pretty_midi.py:122: RuntimeWarning: Tempo, Key or Time signature change events found on non-zero tracks.  This is not a valid type 0 or type 1 MIDI file.  Tempo, Key or Time Signature may be wrong.
  warnings.warn(
/home/sy/.local/lib/python3.12/site-packages/pretty_midi/pretty_midi.py:122: RuntimeWarning: Tempo, Key or Time signature change events found on non-zero tracks.  This is not a valid type 0 or type 1 MIDI file.  Tempo, Key or Time Signature may be wrong.
  warnings.warn(


比较结果:
  生成的annotations数量: 113
  参考的annotations数量: 111
  ⚠️  数量不一致！
  ⚠️ 时间匹配但标签有差异

[14/1067] 处理: Bach/Fugue/bwv_854/Richardson01M.mid

============================================================
处理: Richardson01M.mid
============================================================
处理MIDI Score: data/asap-dataset/Bach/Fugue/bwv_854/midi_score.mid
运行Nakamura对齐: midi_score -> Richardson01M
对齐结果: 738 个音符对应关系
警告: 5 个annotations需要插值
Performance annotations已保存到: data/asap-dataset/Bach/Fugue/bwv_854/Richardson01M_annotations.txt.new

比较结果:
  生成的annotations数量: 113
  参考的annotations数量: 111
  ⚠️  数量不一致！
  ⚠️ 时间匹配但标签有差异

[15/1067] 处理: Bach/Fugue/bwv_854/WangA01M.mid

============================================================
处理: WangA01M.mid
============================================================
处理MIDI Score: data/asap-dataset/Bach/Fugue/bwv_854/midi_score.mid
运行Nakamura对齐: midi_score -> WangA01M
对齐结果: 736 个音符对应关系
警告: 5 个annotations需要插值
Performance annotations已保存到: data/asap-dataset/Bach/Fugue/bwv_854/WangA01M_annotations.txt.new

比较结果:
  生成的annotations数量: 113
  参考的annotations数量: 111
  ⚠️  数量不一致！
  ⚠️ 时间匹配但标签有差异

[16/1067] 处理: Bach/Fugue/bwv_856/LuoJ01M.mid

============================================================
处理: LuoJ01M.mid
============================================================
处理MIDI Score: data/asap-dataset/Bach/Fugue/bwv_856/midi_score.mid
运行Nakamura对齐: midi_score -> LuoJ01M
对齐结果: 740 个音符对应关系
Performance annotations已保存到: data/asap-dataset/Bach/Fugue/bwv_856/LuoJ01M_annotations.txt.new

比较结果:
  生成的annotations数量: 215
  参考的annotations数量: 215
  平均时间差异: 0.004279 秒
  最大时间差异: 0.141434 秒
  标签差异数量: 2
  ⚠️  存在差异
  ⚠️ 时间匹配但标签有差异

[17/1067] 处理: Bach/Fugue/bwv_857/Bult-ItoS02M.mid

============================================================
处理: Bult-ItoS02M.mid
============================================================
处理MIDI Score: data/asap-dataset/Bach/Fugue/bwv_857/midi_score.mid
运行Nakamura对齐: midi_score -> Bult-ItoS02M
对齐结果: 1400 个音符对应关系
警告: 7 个annotations需要插值
Performance annotations已保存到: data/asap-dataset/Bach/Fugue/bwv_857/Bult-ItoS02M_annotations.txt.new

比较结果:
  生成的annotations数量: 229
  参考的annotations数量: 228
  ⚠️  数量不一致！
  ⚠️ 时间匹配但标签有差异

[18/1067] 处理: Bach/Fugue/bwv_857/Lan01M.mid

============================================================
处理: Lan01M.mid
============================================================
处理MIDI Score: data/asap-dataset/Bach/Fugue/bwv_857/midi_score.mid
运行Nakamura对齐: midi_score -> Lan01M
对齐结果: 1353 个音符对应关系
警告: 6 个annotations需要插值
Performance annotations已保存到: data/asap-dataset/Bach/Fugue/bwv_857/Lan01M_annotations.txt.new

比较结果:
  生成的annotations数量: 229
  参考的annotations数量: 228
  ⚠️  数量不一致！
  ⚠️ 时间匹配但标签有差异

[19/1067] 处理: Bach/Fugue/bwv_857/Lisiecki04M.mid

============================================================
处理: Lisiecki04M.mid
============================================================
处理MIDI Score: data/asap-dataset/Bach/Fugue/bwv_857/midi_score.mid
运行Nakamura对齐: midi_score -> Lisiecki04M
对齐结果: 1345 个音符对应关系
警告: 6 个annotations需要插值
Performance annotations已保存到: data/asap-dataset/Bach/Fugue/bwv_857/Lisiecki04M_annotations.txt.new

比较结果:
  生成的annotations数量: 229
  参考的annotations数量: 228
  ⚠️  数量不一致！
  ⚠️ 时间匹配但标签有差异

[20/1067] 处理: Bach/Fugue/bwv_857/ToA01M.mid

============================================================
处理: ToA01M.mid
============================================================
处理MIDI Score: data/asap-dataset/Bach/Fugue/bwv_857/midi_score.mid
运行Nakamura对齐: midi_score -> ToA01M
对齐结果: 1361 个音符对应关系
警告: 6 个annotations需要插值
Performance annotations已保存到: data/asap-dataset/Bach/Fugue/bwv_857/ToA01M_annotations.txt.new

比较结果:
  生成的annotations数量: 229
  参考的annotations数量: 228
  ⚠️  数量不一致！
  ⚠️ 时间匹配但标签有差异

[21/1067] 处理: Bach/Fugue/bwv_857/WangA01M.mid

============================================================
处理: WangA01M.mid
============================================================
处理MIDI Score: data/asap-dataset/Bach/Fugue/bwv_857/midi_score.mid
运行Nakamura对齐: midi_score -> WangA01M
对齐结果: 1340 个音符对应关系
警告: 5 个annotations需要插值
Performance annotations已保存到: data/asap-dataset/Bach/Fugue/bwv_857/WangA01M_annotations.txt.new

比较结果:
  生成的annotations数量: 229
  参考的annotations数量: 228
  ⚠️  数量不一致！
  ⚠️ 时间匹配但标签有差异

[22/1067] 处理: Bach/Fugue/bwv_857/YuP01M.mid

============================================================
处理: YuP01M.mid
============================================================
处理MIDI Score: data/asap-dataset/Bach/Fugue/bwv_857/midi_score.mid
运行Nakamura对齐: midi_score -> YuP01M
对齐结果: 1358 个音符对应关系
警告: 6 个annotations需要插值
Performance annotations已保存到: data/asap-dataset/Bach/Fugue/bwv_857/YuP01M_annotations.txt.new

比较结果:
  生成的annotations数量: 229
  参考的annotations数量: 228
  ⚠️  数量不一致！
  ⚠️ 时间匹配但标签有差异

[23/1067] 处理: Bach/Fugue/bwv_858/VuV01M.mid

============================================================
处理: VuV01M.mid
============================================================
处理MIDI Score: data/asap-dataset/Bach/Fugue/bwv_858/midi_score.mid
运行Nakamura对齐: midi_score -> VuV01M
对齐结果: 875 个音符对应关系
警告: 4 个annotations需要插值
Performance annotations已保存到: data/asap-dataset/Bach/Fugue/bwv_858/VuV01M_annotations.txt.new

比较结果:
  生成的annotations数量: 137
  参考的annotations数量: 136
  ⚠️  数量不一致！
  ⚠️ 时间匹配但标签有差异

[24/1067] 处理: Bach/Fugue/bwv_858/Zhang01M.mid

============================================================
处理: Zhang01M.mid
============================================================
处理MIDI Score: data/asap-dataset/Bach/Fugue/bwv_858/midi_score.mid
运行Nakamura对齐: midi_score -> Zhang01M
对齐结果: 888 个音符对应关系
警告: 4 个annotations需要插值
Performance annotations已保存到: data/asap-dataset/Bach/Fugue/bwv_858/Zhang01M_annotations.txt.new

比较结果:
  生成的annotations数量: 137
  参考的annotations数量: 136
  ⚠️  数量不一致！
  ⚠️ 时间匹配但标签有差异

[25/1067] 处理: Bach/Fugue/bwv_860/Ko04M.mid

============================================================
处理: Ko04M.mid
============================================================
处理MIDI Score: data/asap-dataset/Bach/Fugue/bwv_860/midi_score.mid
运行Nakamura对齐: midi_score -> Ko04M
对齐结果: 1739 个音符对应关系
警告: 1 个annotations需要插值
Performance annotations已保存到: data/asap-dataset/Bach/Fugue/bwv_860/Ko04M_annotations.txt.new

比较结果:
  生成的annotations数量: 171
  参考的annotations数量: 172
  ⚠️  数量不一致！
  ⚠️ 时间匹配但标签有差异

[26/1067] 处理: Bach/Fugue/bwv_860/Nikiforov05M.mid

============================================================
处理: Nikiforov05M.mid
============================================================
处理MIDI Score: data/asap-dataset/Bach/Fugue/bwv_860/midi_score.mid
运行Nakamura对齐: midi_score -> Nikiforov05M/home/sy/.local/lib/python3.12/site-packages/pretty_midi/pretty_midi.py:122: RuntimeWarning: Tempo, Key or Time signature change events found on non-zero tracks.  This is not a valid type 0 or type 1 MIDI file.  Tempo, Key or Time Signature may be wrong.
  warnings.warn(
/home/sy/.local/lib/python3.12/site-packages/pretty_midi/pretty_midi.py:122: RuntimeWarning: Tempo, Key or Time signature change events found on non-zero tracks.  This is not a valid type 0 or type 1 MIDI file.  Tempo, Key or Time Signature may be wrong.
  warnings.warn(
/home/sy/.local/lib/python3.12/site-packages/pretty_midi/pretty_midi.py:122: RuntimeWarning: Tempo, Key or Time signature change events found on non-zero tracks.  This is not a valid type 0 or type 1 MIDI file.  Tempo, Key or Time Signature may be wrong.
  warnings.warn(
/home/sy/.local/lib/python3.12/site-packages/pretty_midi/pretty_midi.py:122: RuntimeWarning: Tempo, Key or Time signature change events found on non-zero tracks.  This is not a valid type 0 or type 1 MIDI file.  Tempo, Key or Time Signature may be wrong.
  warnings.warn(
/home/sy/.local/lib/python3.12/site-packages/pretty_midi/pretty_midi.py:122: RuntimeWarning: Tempo, Key or Time signature change events found on non-zero tracks.  This is not a valid type 0 or type 1 MIDI file.  Tempo, Key or Time Signature may be wrong.
  warnings.warn(
/home/sy/.local/lib/python3.12/site-packages/pretty_midi/pretty_midi.py:122: RuntimeWarning: Tempo, Key or Time signature change events found on non-zero tracks.  This is not a valid type 0 or type 1 MIDI file.  Tempo, Key or Time Signature may be wrong.
  warnings.warn(
/home/sy/.local/lib/python3.12/site-packages/pretty_midi/pretty_midi.py:122: RuntimeWarning: Tempo, Key or Time signature change events found on non-zero tracks.  This is not a valid type 0 or type 1 MIDI file.  Tempo, Key or Time Signature may be wrong.
  warnings.warn(
/home/sy/.local/lib/python3.12/site-packages/pretty_midi/pretty_midi.py:122: RuntimeWarning: Tempo, Key or Time signature change events found on non-zero tracks.  This is not a valid type 0 or type 1 MIDI file.  Tempo, Key or Time Signature may be wrong.
  warnings.warn(
/home/sy/.local/lib/python3.12/site-packages/pretty_midi/pretty_midi.py:122: RuntimeWarning: Tempo, Key or Time signature change events found on non-zero tracks.  This is not a valid type 0 or type 1 MIDI file.  Tempo, Key or Time Signature may be wrong.
  warnings.warn(
/home/sy/.local/lib/python3.12/site-packages/pretty_midi/pretty_midi.py:122: RuntimeWarning: Tempo, Key or Time signature change events found on non-zero tracks.  This is not a valid type 0 or type 1 MIDI file.  Tempo, Key or Time Signature may be wrong.
  warnings.warn(
/home/sy/.local/lib/python3.12/site-packages/pretty_midi/pretty_midi.py:122: RuntimeWarning: Tempo, Key or Time signature change events found on non-zero tracks.  This is not a valid type 0 or type 1 MIDI file.  Tempo, Key or Time Signature may be wrong.
  warnings.warn(
/home/sy/.local/lib/python3.12/site-packages/pretty_midi/pretty_midi.py:122: RuntimeWarning: Tempo, Key or Time signature change events found on non-zero tracks.  This is not a valid type 0 or type 1 MIDI file.  Tempo, Key or Time Signature may be wrong.
  warnings.warn(

对齐结果: 1750 个音符对应关系
Performance annotations已保存到: data/asap-dataset/Bach/Fugue/bwv_860/Nikiforov05M_annotations.txt.new

比较结果:
  生成的annotations数量: 171
  参考的annotations数量: 172
  ⚠️  数量不一致！
  ⚠️ 时间匹配但标签有差异

[27/1067] 处理: Bach/Fugue/bwv_860/Tetzloff04M.mid

============================================================
处理: Tetzloff04M.mid
============================================================
处理MIDI Score: data/asap-dataset/Bach/Fugue/bwv_860/midi_score.mid
运行Nakamura对齐: midi_score -> Tetzloff04M
对齐结果: 1766 个音符对应关系
Performance annotations已保存到: data/asap-dataset/Bach/Fugue/bwv_860/Tetzloff04M_annotations.txt.new

比较结果:
  生成的annotations数量: 171
  参考的annotations数量: 172
  ⚠️  数量不一致！
  ⚠️ 时间匹配但标签有差异

[28/1067] 处理: Bach/Fugue/bwv_860/TuanS01M.mid

============================================================
处理: TuanS01M.mid
============================================================
处理MIDI Score: data/asap-dataset/Bach/Fugue/bwv_860/midi_score.mid
运行Nakamura对齐: midi_score -> TuanS01M
对齐结果: 1740 个音符对应关系
警告: 1 个annotations需要插值
Performance annotations已保存到: data/asap-dataset/Bach/Fugue/bwv_860/TuanS01M_annotations.txt.new

比较结果:
  生成的annotations数量: 171
  参考的annotations数量: 172
  ⚠️  数量不一致！
  ⚠️ 时间匹配但标签有差异

[29/1067] 处理: Bach/Fugue/bwv_860/YoungS01M.mid

============================================================
处理: YoungS01M.mid
============================================================
处理MIDI Score: data/asap-dataset/Bach/Fugue/bwv_860/midi_score.mid
运行Nakamura对齐: midi_score -> YoungS01M
对齐结果: 1762 个音符对应关系
Performance annotations已保存到: data/asap-dataset/Bach/Fugue/bwv_860/YoungS01M_annotations.txt.new

比较结果:
  生成的annotations数量: 171
  参考的annotations数量: 172
  ⚠️  数量不一致！
  ⚠️ 时间匹配但标签有差异

[30/1067] 处理: Bach/Fugue/bwv_860/ZhangH04M.mid

============================================================
处理: ZhangH04M.mid
============================================================
处理MIDI Score: data/asap-dataset/Bach/Fugue/bwv_860/midi_score.mid
运行Nakamura对齐: midi_score -> ZhangH04M
对齐结果: 1744 个音符对应关系
Performance annotations已保存到: data/asap-dataset/Bach/Fugue/bwv_860/ZhangH04M_annotations.txt.new

比较结果:
  生成的annotations数量: 171
  参考的annotations数量: 172
  ⚠️  数量不一致！
  ⚠️ 时间匹配但标签有差异

[31/1067] 处理: Bach/Fugue/bwv_862/Song04M.mid

============================================================
处理: Song04M.mid
============================================================
处理MIDI Score: data/asap-dataset/Bach/Fugue/bwv_862/midi_score.mid
运行Nakamura对齐: midi_score -> Song04M
对齐结果: 868 个音符对应关系
警告: 1 个annotations需要插值
Performance annotations已保存到: data/asap-dataset/Bach/Fugue/bwv_862/Song04M_annotations.txt.new

比较结果:
  生成的annotations数量: 139
  参考的annotations数量: 138
  ⚠️  数量不一致！
  ⚠️ 时间匹配但标签有差异

[32/1067] 处理: Bach/Fugue/bwv_863/LeeN01M.mid

============================================================
处理: LeeN01M.mid
============================================================
处理MIDI Score: data/asap-dataset/Bach/Fugue/bwv_863/midi_score.mid
运行Nakamura对齐: midi_score -> LeeN01M
对齐结果: 792 个音符对应关系
警告: 3 个annotations需要插值
Performance annotations已保存到: data/asap-dataset/Bach/Fugue/bwv_863/LeeN01M_annotations.txt.new

比较结果:
  生成的annotations数量: 161
  参考的annotations数量: 160
  ⚠️  数量不一致！
  ⚠️ 时间匹配但标签有差异

[33/1067] 处理: Bach/Fugue/bwv_863/Shychko01M.mid

============================================================
处理: Shychko01M.mid
============================================================
处理MIDI Score: data/asap-dataset/Bach/Fugue/bwv_863/midi_score.mid
运行Nakamura对齐: midi_score -> Shychko01M
对齐结果: 799 个音符对应关系
警告: 3 个annotations需要插值
Performance annotations已保存到: data/asap-dataset/Bach/Fugue/bwv_863/Shychko01M_annotations.txt.new

比较结果:
  生成的annotations数量: 161
  参考的annotations数量: 160
  ⚠️  数量不一致！
  ⚠️ 时间匹配但标签有差异

[34/1067] 处理: Bach/Fugue/bwv_863/TongB01M.mid

============================================================
处理: TongB01M.mid
============================================================
处理MIDI Score: data/asap-dataset/Bach/Fugue/bwv_863/midi_score.mid
运行Nakamura对齐: midi_score -> TongB01M
对齐结果: 803 个音符对应关系
警告: 3 个annotations需要插值
Performance annotations已保存到: data/asap-dataset/Bach/Fugue/bwv_863/TongB01M_annotations.txt.new

比较结果:
  生成的annotations数量: 161
  参考的annotations数量: 160
  ⚠️  数量不一致！
  ⚠️ 时间匹配但标签有差异

[35/1067] 处理: Bach/Fugue/bwv_864/SunD01M.mid

============================================================
处理: SunD01M.mid
============================================================
处理MIDI Score: data/asap-dataset/Bach/Fugue/bwv_864/midi_score.mid
运行Nakamura对齐: midi_score -> SunD01M
对齐结果: 1188 个音符对应关系
警告: 1 个annotations需要插值
Performance annotations已保存到: data/asap-dataset/Bach/Fugue/bwv_864/SunD01M_annotations.txt.new

比较结果:
  生成的annotations数量: 160
  参考的annotations数量: 160
  平均时间差异: 0.000287 秒
  最大时间差异: 0.009722 秒
  标签差异数量: 2
  ⚠️  存在差异
  ⚠️ 时间匹配但标签有差异

[36/1067] 处理: Bach/Fugue/bwv_865/Rizikov01M.mid

============================================================
处理: Rizikov01M.mid
============================================================
处理MIDI Score: data/asap-dataset/Bach/Fugue/bwv_865/midi_score.mid
运行Nakamura对齐: midi_score -> Rizikov01M
对齐结果: 2398 个音符对应关系
警告: 4 个annotations需要插值
Performance annotations已保存到: data/asap-dataset/Bach/Fugue/bwv_865/Rizikov01M_annotations.txt.new

比较结果:
  生成的annotations数量: 347
  参考的annotations数量: 346
  ⚠️  数量不一致！
  ⚠️ 时间匹配但标签有差异

[37/1067] 处理: Bach/Fugue/bwv_865/Teo01M.mid

============================================================
处理: Teo01M.mid
============================================================
处理MIDI Score: data/asap-dataset/Bach/Fugue/bwv_865/midi_score.mid
运行Nakamura对齐: midi_score -> Teo01M
对齐结果: 2456 个音符对应关系
警告: 4 个annotations需要插值
Performance annotations已保存到: data/asap-dataset/Bach/Fugue/bwv_865/Teo01M_annotations.txt.new

比较结果:
  生成的annotations数量: 347
  参考的annotations数量: 346
  ⚠️  数量不一致！
  ⚠️ 时间匹配但标签有差异

[38/1067] 处理: Bach/Fugue/bwv_865/ZhangE01M.mid

============================================================
处理: ZhangE01M.mid
============================================================
处理MIDI Score: data/asap-dataset/Bach/Fugue/bwv_865/midi_score.mid
运行Nakamura对齐: midi_score -> ZhangE01M
对齐结果: 2402 个音符对应关系
警告: 4 个annotations需要插值
Performance annotations已保存到: data/asap-dataset/Bach/Fugue/bwv_865/ZhangE01M_annotations.txt.new

比较结果:
  生成的annotations数量: 347
  参考的annotations数量: 346
  ⚠️  数量不一致！
  ⚠️ 时间匹配但标签有差异

[39/1067] 处理: Bach/Fugue/bwv_866/SOLOM02.mid

============================================================
处理: SOLOM02.mid
============================================================/home/sy/.local/lib/python3.12/site-packages/pretty_midi/pretty_midi.py:122: RuntimeWarning: Tempo, Key or Time signature change events found on non-zero tracks.  This is not a valid type 0 or type 1 MIDI file.  Tempo, Key or Time Signature may be wrong.
  warnings.warn(
/home/sy/.local/lib/python3.12/site-packages/pretty_midi/pretty_midi.py:122: RuntimeWarning: Tempo, Key or Time signature change events found on non-zero tracks.  This is not a valid type 0 or type 1 MIDI file.  Tempo, Key or Time Signature may be wrong.
  warnings.warn(
/home/sy/.local/lib/python3.12/site-packages/pretty_midi/pretty_midi.py:122: RuntimeWarning: Tempo, Key or Time signature change events found on non-zero tracks.  This is not a valid type 0 or type 1 MIDI file.  Tempo, Key or Time Signature may be wrong.
  warnings.warn(
/home/sy/.local/lib/python3.12/site-packages/pretty_midi/pretty_midi.py:122: RuntimeWarning: Tempo, Key or Time signature change events found on non-zero tracks.  This is not a valid type 0 or type 1 MIDI file.  Tempo, Key or Time Signature may be wrong.
  warnings.warn(
/home/sy/.local/lib/python3.12/site-packages/pretty_midi/pretty_midi.py:122: RuntimeWarning: Tempo, Key or Time signature change events found on non-zero tracks.  This is not a valid type 0 or type 1 MIDI file.  Tempo, Key or Time Signature may be wrong.
  warnings.warn(
/home/sy/.local/lib/python3.12/site-packages/pretty_midi/pretty_midi.py:122: RuntimeWarning: Tempo, Key or Time signature change events found on non-zero tracks.  This is not a valid type 0 or type 1 MIDI file.  Tempo, Key or Time Signature may be wrong.
  warnings.warn(
/home/sy/.local/lib/python3.12/site-packages/pretty_midi/pretty_midi.py:122: RuntimeWarning: Tempo, Key or Time signature change events found on non-zero tracks.  This is not a valid type 0 or type 1 MIDI file.  Tempo, Key or Time Signature may be wrong.
  warnings.warn(
/home/sy/.local/lib/python3.12/site-packages/pretty_midi/pretty_midi.py:122: RuntimeWarning: Tempo, Key or Time signature change events found on non-zero tracks.  This is not a valid type 0 or type 1 MIDI file.  Tempo, Key or Time Signature may be wrong.
  warnings.warn(
/home/sy/.local/lib/python3.12/site-packages/pretty_midi/pretty_midi.py:122: RuntimeWarning: Tempo, Key or Time signature change events found on non-zero tracks.  This is not a valid type 0 or type 1 MIDI file.  Tempo, Key or Time Signature may be wrong.
  warnings.warn(
/home/sy/.local/lib/python3.12/site-packages/pretty_midi/pretty_midi.py:122: RuntimeWarning: Tempo, Key or Time signature change events found on non-zero tracks.  This is not a valid type 0 or type 1 MIDI file.  Tempo, Key or Time Signature may be wrong.
  warnings.warn(
/home/sy/.local/lib/python3.12/site-packages/pretty_midi/pretty_midi.py:122: RuntimeWarning: Tempo, Key or Time signature change events found on non-zero tracks.  This is not a valid type 0 or type 1 MIDI file.  Tempo, Key or Time Signature may be wrong.
  warnings.warn(
/home/sy/.local/lib/python3.12/site-packages/pretty_midi/pretty_midi.py:122: RuntimeWarning: Tempo, Key or Time signature change events found on non-zero tracks.  This is not a valid type 0 or type 1 MIDI file.  Tempo, Key or Time Signature may be wrong.
  warnings.warn(
/home/sy/.local/lib/python3.12/site-packages/pretty_midi/pretty_midi.py:122: RuntimeWarning: Tempo, Key or Time signature change events found on non-zero tracks.  This is not a valid type 0 or type 1 MIDI file.  Tempo, Key or Time Signature may be wrong.
  warnings.warn(

处理MIDI Score: data/asap-dataset/Bach/Fugue/bwv_866/midi_score.mid
运行Nakamura对齐: midi_score -> SOLOM02
对齐结果: 946 个音符对应关系
警告: 2 个annotations需要插值
Performance annotations已保存到: data/asap-dataset/Bach/Fugue/bwv_866/SOLOM02_annotations.txt.new

比较结果:
  生成的annotations数量: 142
  参考的annotations数量: 141
  ⚠️  数量不一致！
  ⚠️ 时间匹配但标签有差异

[40/1067] 处理: Bach/Fugue/bwv_867/HuNY01M.mid

============================================================
处理: HuNY01M.mid
============================================================
处理MIDI Score: data/asap-dataset/Bach/Fugue/bwv_867/midi_score.mid
运行Nakamura对齐: midi_score -> HuNY01M
对齐结果: 747 个音符对应关系
警告: 1 个annotations需要插值
Performance annotations已保存到: data/asap-dataset/Bach/Fugue/bwv_867/HuNY01M_annotations.txt.new

比较结果:
  生成的annotations数量: 149
  参考的annotations数量: 149
  平均时间差异: 0.002223 秒
  最大时间差异: 0.023958 秒
  标签差异数量: 2
  ⚠️  存在差异
  ⚠️ 时间匹配但标签有差异

[41/1067] 处理: Bach/Fugue/bwv_867/Sham01M.mid

============================================================
处理: Sham01M.mid
============================================================
处理MIDI Score: data/asap-dataset/Bach/Fugue/bwv_867/midi_score.mid
运行Nakamura对齐: midi_score -> Sham01M
对齐结果: 739 个音符对应关系
警告: 1 个annotations需要插值
Performance annotations已保存到: data/asap-dataset/Bach/Fugue/bwv_867/Sham01M_annotations.txt.new

比较结果:
  生成的annotations数量: 149
  参考的annotations数量: 149
  平均时间差异: 0.001157 秒
  最大时间差异: 0.010417 秒
  标签差异数量: 2
  ⚠️  存在差异
  ⚠️ 时间匹配但标签有差异

[42/1067] 处理: Bach/Fugue/bwv_868/GonzalezJ05M.mid

============================================================
处理: GonzalezJ05M.mid
============================================================
处理MIDI Score: data/asap-dataset/Bach/Fugue/bwv_868/midi_score.mid
运行Nakamura对齐: midi_score -> GonzalezJ05M
对齐结果: 872 个音符对应关系
警告: 5 个annotations需要插值
Performance annotations已保存到: data/asap-dataset/Bach/Fugue/bwv_868/GonzalezJ05M_annotations.txt.new

比较结果:
  生成的annotations数量: 133
  参考的annotations数量: 132
  ⚠️  数量不一致！
  ⚠️ 时间匹配但标签有差异

[43/1067] 处理: Bach/Fugue/bwv_870/ChenW01M.mid

============================================================
处理: ChenW01M.mid
============================================================
处理MIDI Score: data/asap-dataset/Bach/Fugue/bwv_870/midi_score.mid
运行Nakamura对齐: midi_score -> ChenW01M
对齐结果: 1070 个音符对应关系
警告: 2 个annotations需要插值
Performance annotations已保存到: data/asap-dataset/Bach/Fugue/bwv_870/ChenW01M_annotations.txt.new

比较结果:
  生成的annotations数量: 165
  参考的annotations数量: 164
  ⚠️  数量不一致！
  ⚠️ 时间匹配但标签有差异

[44/1067] 处理: Bach/Fugue/bwv_870/LeeE01M.mid

============================================================
处理: LeeE01M.mid
============================================================
处理MIDI Score: data/asap-dataset/Bach/Fugue/bwv_870/midi_score.mid
运行Nakamura对齐: midi_score -> LeeE01M
对齐结果: 1049 个音符对应关系
警告: 2 个annotations需要插值
Performance annotations已保存到: data/asap-dataset/Bach/Fugue/bwv_870/LeeE01M_annotations.txt.new

比较结果:
  生成的annotations数量: 165
  参考的annotations数量: 164
  ⚠️  数量不一致！
  ⚠️ 时间匹配但标签有差异

[45/1067] 处理: Bach/Fugue/bwv_870/MaximovI01M.mid

============================================================
处理: MaximovI01M.mid
============================================================
处理MIDI Score: data/asap-dataset/Bach/Fugue/bwv_870/midi_score.mid
运行Nakamura对齐: midi_score -> MaximovI01M
对齐结果: 1092 个音符对应关系
警告: 2 个annotations需要插值
Performance annotations已保存到: data/asap-dataset/Bach/Fugue/bwv_870/MaximovI01M_annotations.txt.new

比较结果:
  生成的annotations数量: 165
  参考的annotations数量: 164
  ⚠️  数量不一致！
  ⚠️ 时间匹配但标签有差异

[46/1067] 处理: Bach/Fugue/bwv_873/Lisiecki02.mid

============================================================
处理: Lisiecki02.mid
============================================================
处理MIDI Score: data/asap-dataset/Bach/Fugue/bwv_873/midi_score.mid
运行Nakamura对齐: midi_score -> Lisiecki02
对齐结果: 1385 个音符对应关系
Performance annotations已保存到: data/asap-dataset/Bach/Fugue/bwv_873/Lisiecki02_annotations.txt.new

比较结果:
  生成的annotations数量: 280
  参考的annotations数量: 281
  ⚠️  数量不一致！
  ⚠️ 时间匹配但标签有差异

[47/1067] 处理: Bach/Fugue/bwv_873/Lisiecki13M.mid

============================================================
处理: Lisiecki13M.mid
============================================================
处理MIDI Score: data/asap-dataset/Bach/Fugue/bwv_873/midi_score.mid
运行Nakamura对齐: midi_score -> Lisiecki13M
对齐结果: 1380 个音符对应关系
Performance annotations已保存到: data/asap-dataset/Bach/Fugue/bwv_873/Lisiecki13M_annotations.txt.new

比较结果:
  生成的annotations数量: 280
  参考的annotations数量: 281
  ⚠️  数量不一致！
  ⚠️ 时间匹配但标签有差异

[48/1067] 处理: Bach/Fugue/bwv_874/BianF01.mid

============================================================
处理: BianF01.mid
============================================================
处理MIDI Score: data/asap-dataset/Bach/Fugue/bwv_874/midi_score.mid
运行Nakamura对齐: midi_score -> BianF01
对齐结果: 867 个音符对应关系
警告: 2 个annotations需要插值
Performance annotations已保存到: data/asap-dataset/Bach/Fugue/bwv_874/BianF01_annotations.txt.new

比较结果:
  生成的annotations数量: 99
  参考的annotations数量: 99
  平均时间差异: 1.686612 秒
  最大时间差异: 3.348779 秒
  标签差异数量: 98
  ⚠️  存在差异
  ⚠️ 时间匹配但标签有差异

[49/1067] 处理: Bach/Fugue/bwv_874/Kurz01M.mid

============================================================
处理: Kurz01M.mid
============================================================
处理MIDI Score: data/asap-dataset/Bach/Fugue/bwv_874/midi_score.mid
运行Nakamura对齐: midi_score -> Kurz01M
对齐结果: 872 个音符对应关系
警告: 2 个annotations需要插值
Performance annotations已保存到: data/asap-dataset/Bach/Fugue/bwv_874/Kurz01M_annotations.txt.new

比较结果:
  生成的annotations数量: 99
  参考的annotations数量: 99
  平均时间差异: 1.681740 秒
  最大时间差异: 2.358724 秒
  标签差异数量: 98
  ⚠️  存在差异
  ⚠️ 时间匹配但标签有差异

[50/1067] 处理: Bach/Fugue/bwv_874/WongWY01M.mid

============================================================
处理: WongWY01M.mid
============================================================
处理MIDI Score: data/asap-dataset/Bach/Fugue/bwv_874/midi_score.mid
运行Nakamura对齐: midi_score -> WongWY01M
对齐结果: 867 个音符对应关系
警告: 2 个annotations需要插值
Performance annotations已保存到: data/asap-dataset/Bach/Fugue/bwv_874/WongWY01M_annotations.txt.new

比较结果:
  生成的annotations数量: 99
  参考的annotations数量: 99
  平均时间差异: 1.962702 秒
  最大时间差异: 4.234115 秒
  标签差异数量: 98
  ⚠️  存在差异
  ⚠️ 时间匹配但标签有差异

[51/1067] 处理: Bach/Fugue/bwv_875/Ahfat01M.mid

============================================================
处理: Ahfat01M.mid
============================================================
处理MIDI Score: data/asap-dataset/Bach/Fugue/bwv_875/midi_score.mid
运行Nakamura对齐: midi_score -> Ahfat01M/home/sy/.local/lib/python3.12/site-packages/pretty_midi/pretty_midi.py:122: RuntimeWarning: Tempo, Key or Time signature change events found on non-zero tracks.  This is not a valid type 0 or type 1 MIDI file.  Tempo, Key or Time Signature may be wrong.
  warnings.warn(
/home/sy/.local/lib/python3.12/site-packages/pretty_midi/pretty_midi.py:122: RuntimeWarning: Tempo, Key or Time signature change events found on non-zero tracks.  This is not a valid type 0 or type 1 MIDI file.  Tempo, Key or Time Signature may be wrong.
  warnings.warn(
/home/sy/.local/lib/python3.12/site-packages/pretty_midi/pretty_midi.py:122: RuntimeWarning: Tempo, Key or Time signature change events found on non-zero tracks.  This is not a valid type 0 or type 1 MIDI file.  Tempo, Key or Time Signature may be wrong.
  warnings.warn(
/home/sy/.local/lib/python3.12/site-packages/pretty_midi/pretty_midi.py:122: RuntimeWarning: Tempo, Key or Time signature change events found on non-zero tracks.  This is not a valid type 0 or type 1 MIDI file.  Tempo, Key or Time Signature may be wrong.
  warnings.warn(
/home/sy/.local/lib/python3.12/site-packages/pretty_midi/pretty_midi.py:122: RuntimeWarning: Tempo, Key or Time signature change events found on non-zero tracks.  This is not a valid type 0 or type 1 MIDI file.  Tempo, Key or Time Signature may be wrong.
  warnings.warn(
/home/sy/.local/lib/python3.12/site-packages/pretty_midi/pretty_midi.py:122: RuntimeWarning: Tempo, Key or Time signature change events found on non-zero tracks.  This is not a valid type 0 or type 1 MIDI file.  Tempo, Key or Time Signature may be wrong.
  warnings.warn(
/home/sy/.local/lib/python3.12/site-packages/pretty_midi/pretty_midi.py:122: RuntimeWarning: Tempo, Key or Time signature change events found on non-zero tracks.  This is not a valid type 0 or type 1 MIDI file.  Tempo, Key or Time Signature may be wrong.
  warnings.warn(
/home/sy/.local/lib/python3.12/site-packages/pretty_midi/pretty_midi.py:122: RuntimeWarning: Tempo, Key or Time signature change events found on non-zero tracks.  This is not a valid type 0 or type 1 MIDI file.  Tempo, Key or Time Signature may be wrong.
  warnings.warn(
/home/sy/.local/lib/python3.12/site-packages/pretty_midi/pretty_midi.py:122: RuntimeWarning: Tempo, Key or Time signature change events found on non-zero tracks.  This is not a valid type 0 or type 1 MIDI file.  Tempo, Key or Time Signature may be wrong.
  warnings.warn(
/home/sy/.local/lib/python3.12/site-packages/pretty_midi/pretty_midi.py:122: RuntimeWarning: Tempo, Key or Time signature change events found on non-zero tracks.  This is not a valid type 0 or type 1 MIDI file.  Tempo, Key or Time Signature may be wrong.
  warnings.warn(
/home/sy/.local/lib/python3.12/site-packages/pretty_midi/pretty_midi.py:122: RuntimeWarning: Tempo, Key or Time signature change events found on non-zero tracks.  This is not a valid type 0 or type 1 MIDI file.  Tempo, Key or Time Signature may be wrong.
  warnings.warn(
/home/sy/.local/lib/python3.12/site-packages/pretty_midi/pretty_midi.py:122: RuntimeWarning: Tempo, Key or Time signature change events found on non-zero tracks.  This is not a valid type 0 or type 1 MIDI file.  Tempo, Key or Time Signature may be wrong.
  warnings.warn(

对齐结果: 806 个音符对应关系
警告: 1 个annotations需要插值
Performance annotations已保存到: data/asap-dataset/Bach/Fugue/bwv_875/Ahfat01M_annotations.txt.new

比较结果:
  生成的annotations数量: 107
  参考的annotations数量: 107
  平均时间差异: 0.003079 秒
  最大时间差异: 0.266124 秒
  标签差异数量: 2
  ⚠️  存在差异
  ⚠️ 时间匹配但标签有差异

[52/1067] 处理: Bach/Fugue/bwv_875/CaoJ01M.mid

============================================================
处理: CaoJ01M.mid
============================================================
处理MIDI Score: data/asap-dataset/Bach/Fugue/bwv_875/midi_score.mid
运行Nakamura对齐: midi_score -> CaoJ01M
对齐结果: 799 个音符对应关系
警告: 1 个annotations需要插值
Performance annotations已保存到: data/asap-dataset/Bach/Fugue/bwv_875/CaoJ01M_annotations.txt.new

比较结果:
  生成的annotations数量: 107
  参考的annotations数量: 107
  平均时间差异: 0.000523 秒
  最大时间差异: 0.015278 秒
  标签差异数量: 2
  ⚠️  存在差异
  ⚠️ 时间匹配但标签有差异

[53/1067] 处理: Bach/Fugue/bwv_876/SirajA01M.mid

============================================================
处理: SirajA01M.mid
============================================================
处理MIDI Score: data/asap-dataset/Bach/Fugue/bwv_876/midi_score.mid
运行Nakamura对齐: midi_score -> SirajA01M
对齐结果: 691 个音符对应关系
警告: 4 个annotations需要插值
Performance annotations已保存到: data/asap-dataset/Bach/Fugue/bwv_876/SirajA01M_annotations.txt.new

比较结果:
  生成的annotations数量: 139
  参考的annotations数量: 139
  平均时间差异: 0.001218 秒
  最大时间差异: 0.011111 秒
  标签差异数量: 5
  ⚠️  存在差异
  ⚠️ 时间匹配但标签有差异

[54/1067] 处理: Bach/Fugue/bwv_876/Song01M.mid

============================================================
处理: Song01M.mid
============================================================
处理MIDI Score: data/asap-dataset/Bach/Fugue/bwv_876/midi_score.mid
运行Nakamura对齐: midi_score -> Song01M
对齐结果: 704 个音符对应关系
警告: 4 个annotations需要插值
Performance annotations已保存到: data/asap-dataset/Bach/Fugue/bwv_876/Song01M_annotations.txt.new

比较结果:
  生成的annotations数量: 139
  参考的annotations数量: 139
  平均时间差异: 0.000562 秒
  最大时间差异: 0.005642 秒
  标签差异数量: 5
  ⚠️  存在差异
  ⚠️ 时间匹配但标签有差异

[55/1067] 处理: Bach/Fugue/bwv_880/LeungR01M.mid

============================================================
处理: LeungR01M.mid
============================================================
处理MIDI Score: data/asap-dataset/Bach/Fugue/bwv_880/midi_score.mid
运行Nakamura对齐: midi_score -> LeungR01M
对齐结果: 984 个音符对应关系
警告: 2 个annotations需要插值
Performance annotations已保存到: data/asap-dataset/Bach/Fugue/bwv_880/LeungR01M_annotations.txt.new

比较结果:
  生成的annotations数量: 197
  参考的annotations数量: 196
  ⚠️  数量不一致！
  ⚠️ 时间匹配但标签有差异

[56/1067] 处理: Bach/Fugue/bwv_880/Sun02.mid

============================================================
处理: Sun02.mid
============================================================
处理MIDI Score: data/asap-dataset/Bach/Fugue/bwv_880/midi_score.mid
运行Nakamura对齐: midi_score -> Sun02
对齐结果: 982 个音符对应关系
警告: 2 个annotations需要插值
Performance annotations已保存到: data/asap-dataset/Bach/Fugue/bwv_880/Sun02_annotations.txt.new

比较结果:
  生成的annotations数量: 197
  参考的annotations数量: 196
  ⚠️  数量不一致！
  ⚠️ 时间匹配但标签有差异

[57/1067] 处理: Bach/Fugue/bwv_880/WangA04M.mid

============================================================
处理: WangA04M.mid
============================================================
处理MIDI Score: data/asap-dataset/Bach/Fugue/bwv_880/midi_score.mid
运行Nakamura对齐: midi_score -> WangA04M
对齐结果: 975 个音符对应关系
警告: 2 个annotations需要插值
Performance annotations已保存到: data/asap-dataset/Bach/Fugue/bwv_880/WangA04M_annotations.txt.new

比较结果:
  生成的annotations数量: 197
  参考的annotations数量: 196
  ⚠️  数量不一致！
  ⚠️ 时间匹配但标签有差异

[58/1067] 处理: Bach/Fugue/bwv_883/GuoE01M.mid

============================================================
处理: GuoE01M.mid
============================================================
处理MIDI Score: data/asap-dataset/Bach/Fugue/bwv_883/midi_score.mid
运行Nakamura对齐: midi_score -> GuoE01M
对齐结果: 1452 个音符对应关系
警告: 7 个annotations需要插值
Performance annotations已保存到: data/asap-dataset/Bach/Fugue/bwv_883/GuoE01M_annotations.txt.new

比较结果:
  生成的annotations数量: 278
  参考的annotations数量: 277
  ⚠️  数量不一致！
  ⚠️ 时间匹配但标签有差异

[59/1067] 处理: Bach/Fugue/bwv_883/Herbert02.mid

============================================================
处理: Herbert02.mid
============================================================
处理MIDI Score: data/asap-dataset/Bach/Fugue/bwv_883/midi_score.mid
运行Nakamura对齐: midi_score -> Herbert02
对齐结果: 1450 个音符对应关系
警告: 6 个annotations需要插值
Performance annotations已保存到: data/asap-dataset/Bach/Fugue/bwv_883/Herbert02_annotations.txt.new

比较结果:
  生成的annotations数量: 279
  参考的annotations数量: 277
  ⚠️  数量不一致！
  ⚠️ 时间匹配但标签有差异

[60/1067] 处理: Bach/Fugue/bwv_883/KaiRuiR03.mid

============================================================
处理: KaiRuiR03.mid
============================================================
处理MIDI Score: data/asap-dataset/Bach/Fugue/bwv_883/midi_score.mid
运行Nakamura对齐: midi_score -> KaiRuiR03
对齐结果: 1466 个音符对应关系
警告: 8 个annotations需要插值
Performance annotations已保存到: data/asap-dataset/Bach/Fugue/bwv_883/KaiRuiR03_annotations.txt.new

比较结果:
  生成的annotations数量: 279
  参考的annotations数量: 277
  ⚠️  数量不一致！
  ⚠️ 时间匹配但标签有差异

[61/1067] 处理: Bach/Fugue/bwv_883/Khmara04.mid

============================================================
处理: Khmara04.mid
============================================================
处理MIDI Score: data/asap-dataset/Bach/Fugue/bwv_883/midi_score.mid
运行Nakamura对齐: midi_score -> Khmara04
对齐结果: 1443 个音符对应关系
警告: 7 个annotations需要插值
Performance annotations已保存到: data/asap-dataset/Bach/Fugue/bwv_883/Khmara04_annotations.txt.new

比较结果:
  生成的annotations数量: 279
  参考的annotations数量: 277
  ⚠️  数量不一致！
  ⚠️ 时间匹配但标签有差异

[62/1067] 处理: Bach/Fugue/bwv_883/Lim01.mid

============================================================
处理: Lim01.mid
============================================================
处理MIDI Score: data/asap-dataset/Bach/Fugue/bwv_883/midi_score.mid
运行Nakamura对齐: midi_score -> Lim01
对齐结果: 1428 个音符对应关系
警告: 7 个annotations需要插值
Performance annotations已保存到: data/asap-dataset/Bach/Fugue/bwv_883/Lim01_annotations.txt.new

比较结果:
  生成的annotations数量: 279
  参考的annotations数量: 277
  ⚠️  数量不一致！
  ⚠️ 时间匹配但标签有差异

[63/1067] 处理: Bach/Fugue/bwv_883/LuM01M.mid

============================================================
处理: LuM01M.mid
============================================================
处理MIDI Score: data/asap-dataset/Bach/Fugue/bwv_883/midi_score.mid
运行Nakamura对齐: midi_score -> LuM01M
对齐结果: 1544 个音符对应关系
警告: 8 个annotations需要插值
Performance annotations已保存到: data/asap-dataset/Bach/Fugue/bwv_883/LuM01M_annotations.txt.new/home/sy/.local/lib/python3.12/site-packages/pretty_midi/pretty_midi.py:122: RuntimeWarning: Tempo, Key or Time signature change events found on non-zero tracks.  This is not a valid type 0 or type 1 MIDI file.  Tempo, Key or Time Signature may be wrong.
  warnings.warn(
/home/sy/.local/lib/python3.12/site-packages/pretty_midi/pretty_midi.py:122: RuntimeWarning: Tempo, Key or Time signature change events found on non-zero tracks.  This is not a valid type 0 or type 1 MIDI file.  Tempo, Key or Time Signature may be wrong.
  warnings.warn(
/home/sy/.local/lib/python3.12/site-packages/pretty_midi/pretty_midi.py:122: RuntimeWarning: Tempo, Key or Time signature change events found on non-zero tracks.  This is not a valid type 0 or type 1 MIDI file.  Tempo, Key or Time Signature may be wrong.
  warnings.warn(
/home/sy/.local/lib/python3.12/site-packages/pretty_midi/pretty_midi.py:122: RuntimeWarning: Tempo, Key or Time signature change events found on non-zero tracks.  This is not a valid type 0 or type 1 MIDI file.  Tempo, Key or Time Signature may be wrong.
  warnings.warn(
/home/sy/.local/lib/python3.12/site-packages/pretty_midi/pretty_midi.py:122: RuntimeWarning: Tempo, Key or Time signature change events found on non-zero tracks.  This is not a valid type 0 or type 1 MIDI file.  Tempo, Key or Time Signature may be wrong.
  warnings.warn(
/home/sy/.local/lib/python3.12/site-packages/pretty_midi/pretty_midi.py:122: RuntimeWarning: Tempo, Key or Time signature change events found on non-zero tracks.  This is not a valid type 0 or type 1 MIDI file.  Tempo, Key or Time Signature may be wrong.
  warnings.warn(
/home/sy/.local/lib/python3.12/site-packages/pretty_midi/pretty_midi.py:122: RuntimeWarning: Tempo, Key or Time signature change events found on non-zero tracks.  This is not a valid type 0 or type 1 MIDI file.  Tempo, Key or Time Signature may be wrong.
  warnings.warn(
/home/sy/.local/lib/python3.12/site-packages/pretty_midi/pretty_midi.py:122: RuntimeWarning: Tempo, Key or Time signature change events found on non-zero tracks.  This is not a valid type 0 or type 1 MIDI file.  Tempo, Key or Time Signature may be wrong.
  warnings.warn(
/home/sy/.local/lib/python3.12/site-packages/pretty_midi/pretty_midi.py:122: RuntimeWarning: Tempo, Key or Time signature change events found on non-zero tracks.  This is not a valid type 0 or type 1 MIDI file.  Tempo, Key or Time Signature may be wrong.
  warnings.warn(
/home/sy/.local/lib/python3.12/site-packages/pretty_midi/pretty_midi.py:122: RuntimeWarning: Tempo, Key or Time signature change events found on non-zero tracks.  This is not a valid type 0 or type 1 MIDI file.  Tempo, Key or Time Signature may be wrong.
  warnings.warn(
/home/sy/.local/lib/python3.12/site-packages/pretty_midi/pretty_midi.py:122: RuntimeWarning: Tempo, Key or Time signature change events found on non-zero tracks.  This is not a valid type 0 or type 1 MIDI file.  Tempo, Key or Time Signature may be wrong.
  warnings.warn(
/home/sy/.local/lib/python3.12/site-packages/pretty_midi/pretty_midi.py:122: RuntimeWarning: Tempo, Key or Time signature change events found on non-zero tracks.  This is not a valid type 0 or type 1 MIDI file.  Tempo, Key or Time Signature may be wrong.
  warnings.warn(


比较结果:
  生成的annotations数量: 279
  参考的annotations数量: 277
  ⚠️  数量不一致！
  ⚠️ 时间匹配但标签有差异

[64/1067] 处理: Bach/Fugue/bwv_884/LiA01M.mid

============================================================
处理: LiA01M.mid
============================================================
处理MIDI Score: data/asap-dataset/Bach/Fugue/bwv_884/midi_score.mid
运行Nakamura对齐: midi_score -> LiA01M
对齐结果: 745 个音符对应关系
警告: 1 个annotations需要插值
Performance annotations已保存到: data/asap-dataset/Bach/Fugue/bwv_884/LiA01M_annotations.txt.new

比较结果:
  生成的annotations数量: 215
  参考的annotations数量: 214
  ⚠️  数量不一致！
  ⚠️ 时间匹配但标签有差异

[65/1067] 处理: Bach/Fugue/bwv_885/Chon02.mid

============================================================
处理: Chon02.mid
============================================================
处理MIDI Score: data/asap-dataset/Bach/Fugue/bwv_885/midi_score.mid
运行Nakamura对齐: midi_score -> Chon02
对齐结果: 1642 个音符对应关系
警告: 8 个annotations需要插值
Performance annotations已保存到: data/asap-dataset/Bach/Fugue/bwv_885/Chon02_annotations.txt.new

比较结果:
  生成的annotations数量: 249
  参考的annotations数量: 249
  平均时间差异: 0.674592 秒
  最大时间差异: 1.378746 秒
  标签差异数量: 168
  ⚠️  存在差异
  ⚠️ 时间匹配但标签有差异

[66/1067] 处理: Bach/Fugue/bwv_885/Guo01M.mid

============================================================
处理: Guo01M.mid
============================================================
处理MIDI Score: data/asap-dataset/Bach/Fugue/bwv_885/midi_score.mid
运行Nakamura对齐: midi_score -> Guo01M
对齐结果: 1676 个音符对应关系
警告: 8 个annotations需要插值
Performance annotations已保存到: data/asap-dataset/Bach/Fugue/bwv_885/Guo01M_annotations.txt.new

比较结果:
  生成的annotations数量: 249
  参考的annotations数量: 249
  平均时间差异: 0.615752 秒
  最大时间差异: 1.203126 秒
  标签差异数量: 168
  ⚠️  存在差异
  ⚠️ 时间匹配但标签有差异

[67/1067] 处理: Bach/Fugue/bwv_885/Huang04M.mid

============================================================
处理: Huang04M.mid
============================================================
处理MIDI Score: data/asap-dataset/Bach/Fugue/bwv_885/midi_score.mid
运行Nakamura对齐: midi_score -> Huang04M
对齐结果: 1659 个音符对应关系
警告: 8 个annotations需要插值
Performance annotations已保存到: data/asap-dataset/Bach/Fugue/bwv_885/Huang04M_annotations.txt.new

比较结果:
  生成的annotations数量: 249
  参考的annotations数量: 249
  平均时间差异: 0.746488 秒
  最大时间差异: 2.155599 秒
  标签差异数量: 168
  ⚠️  存在差异
  ⚠️ 时间匹配但标签有差异

[68/1067] 处理: Bach/Fugue/bwv_885/JeonH01M.mid

============================================================
处理: JeonH01M.mid
============================================================
处理MIDI Score: data/asap-dataset/Bach/Fugue/bwv_885/midi_score.mid
运行Nakamura对齐: midi_score -> JeonH01M
对齐结果: 1662 个音符对应关系
警告: 8 个annotations需要插值
Performance annotations已保存到: data/asap-dataset/Bach/Fugue/bwv_885/JeonH01M_annotations.txt.new

比较结果:
  生成的annotations数量: 249
  参考的annotations数量: 249
  平均时间差异: 0.601264 秒
  最大时间差异: 1.152605 秒
  标签差异数量: 168
  ⚠️  存在差异
  ⚠️ 时间匹配但标签有差异

[69/1067] 处理: Bach/Fugue/bwv_885/SINKEV01.mid

============================================================
处理: SINKEV01.mid
============================================================
处理MIDI Score: data/asap-dataset/Bach/Fugue/bwv_885/midi_score.mid
运行Nakamura对齐: midi_score -> SINKEV01
对齐结果: 1664 个音符对应关系
警告: 8 个annotations需要插值
Performance annotations已保存到: data/asap-dataset/Bach/Fugue/bwv_885/SINKEV01_annotations.txt.new

比较结果:
  生成的annotations数量: 249
  参考的annotations数量: 249
  平均时间差异: 0.601379 秒
  最大时间差异: 1.443935 秒
  标签差异数量: 168
  ⚠️  存在差异
  ⚠️ 时间匹配但标签有差异

[70/1067] 处理: Bach/Fugue/bwv_885/SINKEV06.mid

============================================================
处理: SINKEV06.mid
============================================================
处理MIDI Score: data/asap-dataset/Bach/Fugue/bwv_885/midi_score.mid
运行Nakamura对齐: midi_score -> SINKEV06
对齐结果: 1671 个音符对应关系
警告: 8 个annotations需要插值
Performance annotations已保存到: data/asap-dataset/Bach/Fugue/bwv_885/SINKEV06_annotations.txt.new

比较结果:
  生成的annotations数量: 249
  参考的annotations数量: 249
  平均时间差异: 0.573338 秒
  最大时间差异: 1.358899 秒
  标签差异数量: 168
  ⚠️  存在差异
  ⚠️ 时间匹配但标签有差异

[71/1067] 处理: Bach/Fugue/bwv_887/LiYZ01M.mid

============================================================
处理: LiYZ01M.mid
============================================================
处理MIDI Score: data/asap-dataset/Bach/Fugue/bwv_887/midi_score.mid
运行Nakamura对齐: midi_score -> LiYZ01M
对齐结果: 1588 个音符对应关系
Performance annotations已保存到: data/asap-dataset/Bach/Fugue/bwv_887/LiYZ01M_annotations.txt.new

比较结果:
  生成的annotations数量: 285
  参考的annotations数量: 285
  平均时间差异: 0.000564 秒
  最大时间差异: 0.011806 秒
  标签差异数量: 1
  ⚠️  存在差异
  ⚠️ 时间匹配但标签有差异

[72/1067] 处理: Bach/Fugue/bwv_888/ZhaoK01M.mid

============================================================
处理: ZhaoK01M.mid
============================================================
处理MIDI Score: data/asap-dataset/Bach/Fugue/bwv_888/midi_score.mid
运行Nakamura对齐: midi_score -> ZhaoK01M
对齐结果: 768 个音符对应关系
警告: 3 个annotations需要插值
Performance annotations已保存到: data/asap-dataset/Bach/Fugue/bwv_888/ZhaoK01M_annotations.txt.new

比较结果:
  生成的annotations数量: 115
  参考的annotations数量: 114
  ⚠️  数量不一致！
  ⚠️ 时间匹配但标签有差异

[73/1067] 处理: Bach/Fugue/bwv_889/Giesbrecht01M.mid

============================================================
处理: Giesbrecht01M.mid
============================================================
处理MIDI Score: data/asap-dataset/Bach/Fugue/bwv_889/midi_score.mid
运行Nakamura对齐: midi_score -> Giesbrecht01M
对齐结果: 838 个音符对应关系
警告: 3 个annotations需要插值
Performance annotations已保存到: data/asap-dataset/Bach/Fugue/bwv_889/Giesbrecht01M_annotations.txt.new

比较结果:
  生成的annotations数量: 111
  参考的annotations数量: 110
  ⚠️  数量不一致！
  ⚠️ 时间匹配但标签有差异

[74/1067] 处理: Bach/Fugue/bwv_889/LiuY01M.mid

============================================================
处理: LiuY01M.mid
============================================================
处理MIDI Score: data/asap-dataset/Bach/Fugue/bwv_889/midi_score.mid
运行Nakamura对齐: midi_score -> LiuY01M
对齐结果: 848 个音符对应关系
警告: 3 个annotations需要插值
Performance annotations已保存到: data/asap-dataset/Bach/Fugue/bwv_889/LiuY01M_annotations.txt.new

比较结果:
  生成的annotations数量: 111
  参考的annotations数量: 110
  ⚠️  数量不一致！
  ⚠️ 时间匹配但标签有差异

[75/1067] 处理: Bach/Fugue/bwv_889/MunA01M.mid

============================================================
处理: MunA01M.mid
============================================================
处理MIDI Score: data/asap-dataset/Bach/Fugue/bwv_889/midi_score.mid
运行Nakamura对齐: midi_score -> MunA01M
对齐结果: 827 个音符对应关系
警告: 3 个annotations需要插值
Performance annotations已保存到: data/asap-dataset/Bach/Fugue/bwv_889/MunA01M_annotations.txt.new/home/sy/.local/lib/python3.12/site-packages/pretty_midi/pretty_midi.py:122: RuntimeWarning: Tempo, Key or Time signature change events found on non-zero tracks.  This is not a valid type 0 or type 1 MIDI file.  Tempo, Key or Time Signature may be wrong.
  warnings.warn(
/home/sy/.local/lib/python3.12/site-packages/pretty_midi/pretty_midi.py:122: RuntimeWarning: Tempo, Key or Time signature change events found on non-zero tracks.  This is not a valid type 0 or type 1 MIDI file.  Tempo, Key or Time Signature may be wrong.
  warnings.warn(
/home/sy/.local/lib/python3.12/site-packages/pretty_midi/pretty_midi.py:122: RuntimeWarning: Tempo, Key or Time signature change events found on non-zero tracks.  This is not a valid type 0 or type 1 MIDI file.  Tempo, Key or Time Signature may be wrong.
  warnings.warn(
/home/sy/.local/lib/python3.12/site-packages/pretty_midi/pretty_midi.py:122: RuntimeWarning: Tempo, Key or Time signature change events found on non-zero tracks.  This is not a valid type 0 or type 1 MIDI file.  Tempo, Key or Time Signature may be wrong.
  warnings.warn(
/home/sy/.local/lib/python3.12/site-packages/pretty_midi/pretty_midi.py:122: RuntimeWarning: Tempo, Key or Time signature change events found on non-zero tracks.  This is not a valid type 0 or type 1 MIDI file.  Tempo, Key or Time Signature may be wrong.
  warnings.warn(
/home/sy/.local/lib/python3.12/site-packages/pretty_midi/pretty_midi.py:122: RuntimeWarning: Tempo, Key or Time signature change events found on non-zero tracks.  This is not a valid type 0 or type 1 MIDI file.  Tempo, Key or Time Signature may be wrong.
  warnings.warn(
/home/sy/.local/lib/python3.12/site-packages/pretty_midi/pretty_midi.py:122: RuntimeWarning: Tempo, Key or Time signature change events found on non-zero tracks.  This is not a valid type 0 or type 1 MIDI file.  Tempo, Key or Time Signature may be wrong.
  warnings.warn(
/home/sy/.local/lib/python3.12/site-packages/pretty_midi/pretty_midi.py:122: RuntimeWarning: Tempo, Key or Time signature change events found on non-zero tracks.  This is not a valid type 0 or type 1 MIDI file.  Tempo, Key or Time Signature may be wrong.
  warnings.warn(
/home/sy/.local/lib/python3.12/site-packages/pretty_midi/pretty_midi.py:122: RuntimeWarning: Tempo, Key or Time signature change events found on non-zero tracks.  This is not a valid type 0 or type 1 MIDI file.  Tempo, Key or Time Signature may be wrong.
  warnings.warn(
/home/sy/.local/lib/python3.12/site-packages/pretty_midi/pretty_midi.py:122: RuntimeWarning: Tempo, Key or Time signature change events found on non-zero tracks.  This is not a valid type 0 or type 1 MIDI file.  Tempo, Key or Time Signature may be wrong.
  warnings.warn(
/home/sy/.local/lib/python3.12/site-packages/pretty_midi/pretty_midi.py:122: RuntimeWarning: Tempo, Key or Time signature change events found on non-zero tracks.  This is not a valid type 0 or type 1 MIDI file.  Tempo, Key or Time Signature may be wrong.
  warnings.warn(
/home/sy/.local/lib/python3.12/site-packages/pretty_midi/pretty_midi.py:122: RuntimeWarning: Tempo, Key or Time signature change events found on non-zero tracks.  This is not a valid type 0 or type 1 MIDI file.  Tempo, Key or Time Signature may be wrong.
  warnings.warn(


比较结果:
  生成的annotations数量: 111
  参考的annotations数量: 110
  ⚠️  数量不一致！
  ⚠️ 时间匹配但标签有差异

[76/1067] 处理: Bach/Fugue/bwv_889/Wang01M.mid

============================================================
处理: Wang01M.mid
============================================================
处理MIDI Score: data/asap-dataset/Bach/Fugue/bwv_889/midi_score.mid
运行Nakamura对齐: midi_score -> Wang01M
对齐结果: 840 个音符对应关系
警告: 3 个annotations需要插值
Performance annotations已保存到: data/asap-dataset/Bach/Fugue/bwv_889/Wang01M_annotations.txt.new

比较结果:
  生成的annotations数量: 111
  参考的annotations数量: 110
  ⚠️  数量不一致！
  ⚠️ 时间匹配但标签有差异

[77/1067] 处理: Bach/Fugue/bwv_889/YangY02M.mid

============================================================
处理: YangY02M.mid
============================================================
处理MIDI Score: data/asap-dataset/Bach/Fugue/bwv_889/midi_score.mid
运行Nakamura对齐: midi_score -> YangY02M
对齐结果: 849 个音符对应关系
警告: 3 个annotations需要插值
Performance annotations已保存到: data/asap-dataset/Bach/Fugue/bwv_889/YangY02M_annotations.txt.new

比较结果:
  生成的annotations数量: 111
  参考的annotations数量: 110
  ⚠️  数量不一致！
  ⚠️ 时间匹配但标签有差异

[78/1067] 处理: Bach/Fugue/bwv_889/ZhangW02M.mid

============================================================
处理: ZhangW02M.mid
============================================================
处理MIDI Score: data/asap-dataset/Bach/Fugue/bwv_889/midi_score.mid
运行Nakamura对齐: midi_score -> ZhangW02M
对齐结果: 830 个音符对应关系
警告: 3 个annotations需要插值
Performance annotations已保存到: data/asap-dataset/Bach/Fugue/bwv_889/ZhangW02M_annotations.txt.new

比较结果:
  生成的annotations数量: 111
  参考的annotations数量: 110
  ⚠️  数量不一致！
  ⚠️ 时间匹配但标签有差异

[79/1067] 处理: Bach/Fugue/bwv_891/Duepree06M.mid

============================================================
处理: Duepree06M.mid
============================================================
处理MIDI Score: data/asap-dataset/Bach/Fugue/bwv_891/midi_score.mid
运行Nakamura对齐: midi_score -> Duepree06M
对齐结果: 1760 个音符对应关系
警告: 4 个annotations需要插值
Performance annotations已保存到: data/asap-dataset/Bach/Fugue/bwv_891/Duepree06M_annotations.txt.new

比较结果:
  生成的annotations数量: 301
  参考的annotations数量: 301
  平均时间差异: 0.000822 秒
  最大时间差异: 0.054254 秒
  标签差异数量: 4
  ⚠️  存在差异
  ⚠️ 时间匹配但标签有差异

[80/1067] 处理: Bach/Fugue/bwv_892/Hou01M.mid

============================================================
处理: Hou01M.mid
============================================================
处理MIDI Score: data/asap-dataset/Bach/Fugue/bwv_892/midi_score.mid
运行Nakamura对齐: midi_score -> Hou01M
对齐结果: 1305 个音符对应关系
Performance annotations已保存到: data/asap-dataset/Bach/Fugue/bwv_892/Hou01M_annotations.txt.new

比较结果:
  生成的annotations数量: 207
  参考的annotations数量: 207
  平均时间差异: 0.001290 秒
  最大时间差异: 0.026475 秒
  标签差异数量: 1
  ⚠️  存在差异
  ⚠️ 时间匹配但标签有差异

[81/1067] 处理: Bach/Fugue/bwv_892/KabuliL01M.mid

============================================================
处理: KabuliL01M.mid
============================================================
处理MIDI Score: data/asap-dataset/Bach/Fugue/bwv_892/midi_score.mid
运行Nakamura对齐: midi_score -> KabuliL01M
对齐结果: 1310 个音符对应关系
Performance annotations已保存到: data/asap-dataset/Bach/Fugue/bwv_892/KabuliL01M_annotations.txt.new

比较结果:
  生成的annotations数量: 207
  参考的annotations数量: 207
  平均时间差异: 0.000737 秒
  最大时间差异: 0.012847 秒
  标签差异数量: 1
  ⚠️  存在差异
  ⚠️ 时间匹配但标签有差异

[82/1067] 处理: Bach/Fugue/bwv_893/Kleisen04M.mid

============================================================
处理: Kleisen04M.mid
============================================================
处理MIDI Score: data/asap-dataset/Bach/Fugue/bwv_893/midi_score.mid
运行Nakamura对齐: midi_score -> Kleisen04M
对齐结果: 992 个音符对应关系
Performance annotations已保存到: data/asap-dataset/Bach/Fugue/bwv_893/Kleisen04M_annotations.txt.new

比较结果:
  生成的annotations数量: 300
  参考的annotations数量: 300
  平均时间差异: 0.001310 秒
  最大时间差异: 0.075792 秒
  标签差异数量: 2
  ⚠️  存在差异
  ⚠️ 时间匹配但标签有差异

[83/1067] 处理: Bach/Fugue/bwv_893/Levitsky04M.mid

============================================================
处理: Levitsky04M.mid
============================================================
处理MIDI Score: data/asap-dataset/Bach/Fugue/bwv_893/midi_score.mid
运行Nakamura对齐: midi_score -> Levitsky04M
对齐结果: 1020 个音符对应关系
Performance annotations已保存到: data/asap-dataset/Bach/Fugue/bwv_893/Levitsky04M_annotations.txt.new

比较结果:
  生成的annotations数量: 300
  参考的annotations数量: 300
  平均时间差异: 0.000556 秒
  最大时间差异: 0.010195 秒
  标签差异数量: 2
  ⚠️  存在差异
  ⚠️ 时间匹配但标签有差异

[84/1067] 处理: Bach/Fugue/bwv_893/Wong01M.mid

============================================================
处理: Wong01M.mid
============================================================
处理MIDI Score: data/asap-dataset/Bach/Fugue/bwv_893/midi_score.mid
运行Nakamura对齐: midi_score -> Wong01M
对齐结果: 1031 个音符对应关系
Performance annotations已保存到: data/asap-dataset/Bach/Fugue/bwv_893/Wong01M_annotations.txt.new

比较结果:
  生成的annotations数量: 300
  参考的annotations数量: 300
  平均时间差异: 0.002308 秒
  最大时间差异: 0.092877 秒
  标签差异数量: 2
  ⚠️  存在差异
  ⚠️ 时间匹配但标签有差异

[85/1067] 处理: Bach/Italian_concerto/KyykhynenT03.mid

============================================================
处理: KyykhynenT03.mid
============================================================
处理MIDI Score: data/asap-dataset/Bach/Italian_concerto/midi_score.mid
运行Nakamura对齐: midi_score -> KyykhynenT03
对齐结果: 1221 个音符对应关系
Performance annotations已保存到: data/asap-dataset/Bach/Italian_concerto/KyykhynenT03_annotations.txt.new

比较结果:
  生成的annotations数量: 144
  参考的annotations数量: 145
  ⚠️  数量不一致！
  ⚠️ 时间匹配但标签有差异

[86/1067] 处理: Bach/Italian_concerto/LeeN07.mid

============================================================
处理: LeeN07.mid
============================================================
处理MIDI Score: data/asap-dataset/Bach/Italian_concerto/midi_score.mid
运行Nakamura对齐: midi_score -> LeeN07
对齐结果: 1196 个音符对应关系
警告: 1 个annotations需要插值
Performance annotations已保存到: data/asap-dataset/Bach/Italian_concerto/LeeN07_annotations.txt.new

比较结果:
  生成的annotations数量: 144
  参考的annotations数量: 145
  ⚠️  数量不一致！
  ⚠️ 时间匹配但标签有差异

[87/1067] 处理: Bach/Italian_concerto/TanakaM03.mid

============================================================
处理: TanakaM03.mid
============================================================
处理MIDI Score: data/asap-dataset/Bach/Italian_concerto/midi_score.mid
运行Nakamura对齐: midi_score -> TanakaM03
对齐结果: 1171 个音符对应关系
警告: 1 个annotations需要插值
Performance annotations已保存到: data/asap-dataset/Bach/Italian_concerto/TanakaM03_annotations.txt.new

比较结果:
  生成的annotations数量: 143
  参考的annotations数量: 145
  ⚠️  数量不一致！/home/sy/.local/lib/python3.12/site-packages/pretty_midi/pretty_midi.py:122: RuntimeWarning: Tempo, Key or Time signature change events found on non-zero tracks.  This is not a valid type 0 or type 1 MIDI file.  Tempo, Key or Time Signature may be wrong.
  warnings.warn(
/home/sy/.local/lib/python3.12/site-packages/pretty_midi/pretty_midi.py:122: RuntimeWarning: Tempo, Key or Time signature change events found on non-zero tracks.  This is not a valid type 0 or type 1 MIDI file.  Tempo, Key or Time Signature may be wrong.
  warnings.warn(
/home/sy/.local/lib/python3.12/site-packages/pretty_midi/pretty_midi.py:122: RuntimeWarning: Tempo, Key or Time signature change events found on non-zero tracks.  This is not a valid type 0 or type 1 MIDI file.  Tempo, Key or Time Signature may be wrong.
  warnings.warn(
/home/sy/.local/lib/python3.12/site-packages/pretty_midi/pretty_midi.py:122: RuntimeWarning: Tempo, Key or Time signature change events found on non-zero tracks.  This is not a valid type 0 or type 1 MIDI file.  Tempo, Key or Time Signature may be wrong.
  warnings.warn(
/home/sy/.local/lib/python3.12/site-packages/pretty_midi/pretty_midi.py:122: RuntimeWarning: Tempo, Key or Time signature change events found on non-zero tracks.  This is not a valid type 0 or type 1 MIDI file.  Tempo, Key or Time Signature may be wrong.
  warnings.warn(
/home/sy/.local/lib/python3.12/site-packages/pretty_midi/pretty_midi.py:122: RuntimeWarning: Tempo, Key or Time signature change events found on non-zero tracks.  This is not a valid type 0 or type 1 MIDI file.  Tempo, Key or Time Signature may be wrong.
  warnings.warn(
/home/sy/.local/lib/python3.12/site-packages/pretty_midi/pretty_midi.py:122: RuntimeWarning: Tempo, Key or Time signature change events found on non-zero tracks.  This is not a valid type 0 or type 1 MIDI file.  Tempo, Key or Time Signature may be wrong.
  warnings.warn(
/home/sy/.local/lib/python3.12/site-packages/pretty_midi/pretty_midi.py:122: RuntimeWarning: Tempo, Key or Time signature change events found on non-zero tracks.  This is not a valid type 0 or type 1 MIDI file.  Tempo, Key or Time Signature may be wrong.
  warnings.warn(
/home/sy/.local/lib/python3.12/site-packages/pretty_midi/pretty_midi.py:122: RuntimeWarning: Tempo, Key or Time signature change events found on non-zero tracks.  This is not a valid type 0 or type 1 MIDI file.  Tempo, Key or Time Signature may be wrong.
  warnings.warn(
/home/sy/.local/lib/python3.12/site-packages/pretty_midi/pretty_midi.py:122: RuntimeWarning: Tempo, Key or Time signature change events found on non-zero tracks.  This is not a valid type 0 or type 1 MIDI file.  Tempo, Key or Time Signature may be wrong.
  warnings.warn(
/home/sy/.local/lib/python3.12/site-packages/pretty_midi/pretty_midi.py:122: RuntimeWarning: Tempo, Key or Time signature change events found on non-zero tracks.  This is not a valid type 0 or type 1 MIDI file.  Tempo, Key or Time Signature may be wrong.
  warnings.warn(

  ⚠️ 时间匹配但标签有差异

[88/1067] 处理: Bach/Prelude/bwv_846/Shi05M.mid

============================================================
处理: Shi05M.mid
============================================================
处理MIDI Score: data/asap-dataset/Bach/Prelude/bwv_846/midi_score.mid
运行Nakamura对齐: midi_score -> Shi05M
对齐结果: 548 个音符对应关系
警告: 2 个annotations需要插值
Performance annotations已保存到: data/asap-dataset/Bach/Prelude/bwv_846/Shi05M_annotations.txt.new

比较结果:
  生成的annotations数量: 137
  参考的annotations数量: 137
  平均时间差异: 0.000010 秒
  最大时间差异: 0.001302 秒
  标签差异数量: 1
  ⚠️  存在差异
  ⚠️ 时间匹配但标签有差异

[89/1067] 处理: Bach/Prelude/bwv_848/Denisova06M.mid

============================================================
处理: Denisova06M.mid
============================================================
处理MIDI Score: data/asap-dataset/Bach/Prelude/bwv_848/midi_score.mid
运行Nakamura对齐: midi_score -> Denisova06M
对齐结果: 811 个音符对应关系
警告: 1 个annotations需要插值
Performance annotations已保存到: data/asap-dataset/Bach/Prelude/bwv_848/Denisova06M_annotations.txt.new

比较结果:
  生成的annotations数量: 310
  参考的annotations数量: 310
  平均时间差异: 0.000016 秒
  最大时间差异: 0.002387 秒
  标签差异数量: 1
  ⚠️  存在差异
  ⚠️ 时间匹配但标签有差异

[90/1067] 处理: Bach/Prelude/bwv_848/Lee01M.mid

============================================================
处理: Lee01M.mid
============================================================
处理MIDI Score: data/asap-dataset/Bach/Prelude/bwv_848/midi_score.mid
运行Nakamura对齐: midi_score -> Lee01M
对齐结果: 816 个音符对应关系
警告: 1 个annotations需要插值
Performance annotations已保存到: data/asap-dataset/Bach/Prelude/bwv_848/Lee01M_annotations.txt.new

比较结果:
  生成的annotations数量: 310
  参考的annotations数量: 310
  平均时间差异: 0.001795 秒
  最大时间差异: 0.261076 秒
  标签差异数量: 1
  ⚠️  存在差异
  ⚠️ 时间匹配但标签有差异

[91/1067] 处理: Bach/Prelude/bwv_848/LeeSH01M.mid

============================================================
处理: LeeSH01M.mid
============================================================
处理MIDI Score: data/asap-dataset/Bach/Prelude/bwv_848/midi_score.mid
运行Nakamura对齐: midi_score -> LeeSH01M
对齐结果: 810 个音符对应关系
警告: 1 个annotations需要插值
Performance annotations已保存到: data/asap-dataset/Bach/Prelude/bwv_848/LeeSH01M_annotations.txt.new

比较结果:
  生成的annotations数量: 310
  参考的annotations数量: 310
  平均时间差异: 0.000016 秒
  最大时间差异: 0.003124 秒
  标签差异数量: 1
  ⚠️  存在差异
  ⚠️ 时间匹配但标签有差异

[92/1067] 处理: Bach/Prelude/bwv_848/Lin04M.mid

============================================================
处理: Lin04M.mid
============================================================
处理MIDI Score: data/asap-dataset/Bach/Prelude/bwv_848/midi_score.mid
运行Nakamura对齐: midi_score -> Lin04M
对齐结果: 810 个音符对应关系
警告: 1 个annotations需要插值
Performance annotations已保存到: data/asap-dataset/Bach/Prelude/bwv_848/Lin04M_annotations.txt.new

比较结果:
  生成的annotations数量: 310
  参考的annotations数量: 310
  平均时间差异: 0.000012 秒
  最大时间差异: 0.002387 秒
  标签差异数量: 1
  ⚠️  存在差异
  ⚠️ 时间匹配但标签有差异

[93/1067] 处理: Bach/Prelude/bwv_848/Lou01M.mid

============================================================
处理: Lou01M.mid
============================================================
处理MIDI Score: data/asap-dataset/Bach/Prelude/bwv_848/midi_score.mid
运行Nakamura对齐: midi_score -> Lou01M
对齐结果: 810 个音符对应关系
警告: 1 个annotations需要插值
Performance annotations已保存到: data/asap-dataset/Bach/Prelude/bwv_848/Lou01M_annotations.txt.new

比较结果:
  生成的annotations数量: 310
  参考的annotations数量: 310
  平均时间差异: 0.000015 秒
  最大时间差异: 0.001736 秒
  标签差异数量: 1
  ⚠️  存在差异
  ⚠️ 时间匹配但标签有差异

[94/1067] 处理: Bach/Prelude/bwv_848/MiyashitaM01M.mid

============================================================
处理: MiyashitaM01M.mid
============================================================
处理MIDI Score: data/asap-dataset/Bach/Prelude/bwv_848/midi_score.mid
运行Nakamura对齐: midi_score -> MiyashitaM01M
对齐结果: 811 个音符对应关系
警告: 1 个annotations需要插值
Performance annotations已保存到: data/asap-dataset/Bach/Prelude/bwv_848/MiyashitaM01M_annotations.txt.new

比较结果:
  生成的annotations数量: 310
  参考的annotations数量: 310
  平均时间差异: 0.000007 秒
  最大时间差异: 0.001666 秒
  标签差异数量: 1
  ⚠️  存在差异
  ⚠️ 时间匹配但标签有差异

[95/1067] 处理: Bach/Prelude/bwv_848/Mizumoto03M.mid

============================================================
处理: Mizumoto03M.mid
============================================================
处理MIDI Score: data/asap-dataset/Bach/Prelude/bwv_848/midi_score.mid
运行Nakamura对齐: midi_score -> Mizumoto03M
对齐结果: 806 个音符对应关系
警告: 1 个annotations需要插值
Performance annotations已保存到: data/asap-dataset/Bach/Prelude/bwv_848/Mizumoto03M_annotations.txt.new

比较结果:
  生成的annotations数量: 310
  参考的annotations数量: 310
  平均时间差异: 0.000023 秒
  最大时间差异: 0.003255 秒
  标签差异数量: 1
  ⚠️  存在差异
  ⚠️ 时间匹配但标签有差异

[96/1067] 处理: Bach/Prelude/bwv_848/SunY01M.mid

============================================================
处理: SunY01M.mid
============================================================
处理MIDI Score: data/asap-dataset/Bach/Prelude/bwv_848/midi_score.mid
运行Nakamura对齐: midi_score -> SunY01M
对齐结果: 811 个音符对应关系
警告: 1 个annotations需要插值
Performance annotations已保存到: data/asap-dataset/Bach/Prelude/bwv_848/SunY01M_annotations.txt.new

比较结果:
  生成的annotations数量: 310
  参考的annotations数量: 310
  平均时间差异: 0.000023 秒
  最大时间差异: 0.004688 秒
  标签差异数量: 1
  ⚠️  存在差异
  ⚠️ 时间匹配但标签有差异

[97/1067] 处理: Bach/Prelude/bwv_848/Zhou01M.mid

============================================================
处理: Zhou01M.mid
============================================================
处理MIDI Score: data/asap-dataset/Bach/Prelude/bwv_848/midi_score.mid
运行Nakamura对齐: midi_score -> Zhou01M
对齐结果: 808 个音符对应关系
警告: 1 个annotations需要插值
Performance annotations已保存到: data/asap-dataset/Bach/Prelude/bwv_848/Zhou01M_annotations.txt.new

比较结果:
  生成的annotations数量: 310
  参考的annotations数量: 310
  平均时间差异: 0.000006 秒
  最大时间差异: 0.001302 秒
  标签差异数量: 1
  ⚠️  存在差异
  ⚠️ 时间匹配但标签有差异

[98/1067] 处理: Bach/Prelude/bwv_854/LuA01M.mid

============================================================
处理: LuA01M.mid
============================================================
处理MIDI Score: data/asap-dataset/Bach/Prelude/bwv_854/midi_score.mid
运行Nakamura对齐: midi_score -> LuA01M
对齐结果: 459 个音符对应关系
警告: 2 个annotations需要插值
Performance annotations已保存到: data/asap-dataset/Bach/Prelude/bwv_854/LuA01M_annotations.txt.new

比较结果:
  生成的annotations数量: 93
  参考的annotations数量: 93
  平均时间差异: 0.023000 秒
  最大时间差异: 2.120970 秒
  标签差异数量: 1
  ⚠️  存在差异
  ⚠️ 时间匹配但标签有差异

[99/1067] 处理: Bach/Prelude/bwv_854/MiyashitaM01M.mid

============================================================/home/sy/.local/lib/python3.12/site-packages/pretty_midi/pretty_midi.py:122: RuntimeWarning: Tempo, Key or Time signature change events found on non-zero tracks.  This is not a valid type 0 or type 1 MIDI file.  Tempo, Key or Time Signature may be wrong.
  warnings.warn(
/home/sy/.local/lib/python3.12/site-packages/pretty_midi/pretty_midi.py:122: RuntimeWarning: Tempo, Key or Time signature change events found on non-zero tracks.  This is not a valid type 0 or type 1 MIDI file.  Tempo, Key or Time Signature may be wrong.
  warnings.warn(
/home/sy/.local/lib/python3.12/site-packages/pretty_midi/pretty_midi.py:122: RuntimeWarning: Tempo, Key or Time signature change events found on non-zero tracks.  This is not a valid type 0 or type 1 MIDI file.  Tempo, Key or Time Signature may be wrong.
  warnings.warn(
/home/sy/.local/lib/python3.12/site-packages/pretty_midi/pretty_midi.py:122: RuntimeWarning: Tempo, Key or Time signature change events found on non-zero tracks.  This is not a valid type 0 or type 1 MIDI file.  Tempo, Key or Time Signature may be wrong.
  warnings.warn(
/home/sy/.local/lib/python3.12/site-packages/pretty_midi/pretty_midi.py:122: RuntimeWarning: Tempo, Key or Time signature change events found on non-zero tracks.  This is not a valid type 0 or type 1 MIDI file.  Tempo, Key or Time Signature may be wrong.
  warnings.warn(
/home/sy/.local/lib/python3.12/site-packages/pretty_midi/pretty_midi.py:122: RuntimeWarning: Tempo, Key or Time signature change events found on non-zero tracks.  This is not a valid type 0 or type 1 MIDI file.  Tempo, Key or Time Signature may be wrong.
  warnings.warn(
/home/sy/.local/lib/python3.12/site-packages/pretty_midi/pretty_midi.py:122: RuntimeWarning: Tempo, Key or Time signature change events found on non-zero tracks.  This is not a valid type 0 or type 1 MIDI file.  Tempo, Key or Time Signature may be wrong.
  warnings.warn(
/home/sy/.local/lib/python3.12/site-packages/pretty_midi/pretty_midi.py:122: RuntimeWarning: Tempo, Key or Time signature change events found on non-zero tracks.  This is not a valid type 0 or type 1 MIDI file.  Tempo, Key or Time Signature may be wrong.
  warnings.warn(
/home/sy/.local/lib/python3.12/site-packages/pretty_midi/pretty_midi.py:122: RuntimeWarning: Tempo, Key or Time signature change events found on non-zero tracks.  This is not a valid type 0 or type 1 MIDI file.  Tempo, Key or Time Signature may be wrong.
  warnings.warn(
/home/sy/.local/lib/python3.12/site-packages/pretty_midi/pretty_midi.py:122: RuntimeWarning: Tempo, Key or Time signature change events found on non-zero tracks.  This is not a valid type 0 or type 1 MIDI file.  Tempo, Key or Time Signature may be wrong.
  warnings.warn(
/home/sy/.local/lib/python3.12/site-packages/pretty_midi/pretty_midi.py:122: RuntimeWarning: Tempo, Key or Time signature change events found on non-zero tracks.  This is not a valid type 0 or type 1 MIDI file.  Tempo, Key or Time Signature may be wrong.
  warnings.warn(
/home/sy/.local/lib/python3.12/site-packages/pretty_midi/pretty_midi.py:122: RuntimeWarning: Tempo, Key or Time signature change events found on non-zero tracks.  This is not a valid type 0 or type 1 MIDI file.  Tempo, Key or Time Signature may be wrong.
  warnings.warn(

处理: MiyashitaM01M.mid
============================================================
处理MIDI Score: data/asap-dataset/Bach/Prelude/bwv_854/midi_score.mid
运行Nakamura对齐: midi_score -> MiyashitaM01M
对齐结果: 444 个音符对应关系
警告: 2 个annotations需要插值
Performance annotations已保存到: data/asap-dataset/Bach/Prelude/bwv_854/MiyashitaM01M_annotations.txt.new

比较结果:
  生成的annotations数量: 93
  参考的annotations数量: 93
  平均时间差异: 0.000249 秒
  最大时间差异: 0.006944 秒
  标签差异数量: 1
  ⚠️  存在差异
  ⚠️ 时间匹配但标签有差异

[100/1067] 处理: Bach/Prelude/bwv_854/Ozaki01M.mid

============================================================
处理: Ozaki01M.mid
============================================================
处理MIDI Score: data/asap-dataset/Bach/Prelude/bwv_854/midi_score.mid
运行Nakamura对齐: midi_score -> Ozaki01M
对齐结果: 443 个音符对应关系
警告: 2 个annotations需要插值
Performance annotations已保存到: data/asap-dataset/Bach/Prelude/bwv_854/Ozaki01M_annotations.txt.new

比较结果:
  生成的annotations数量: 93
  参考的annotations数量: 93
  平均时间差异: 0.000354 秒
  最大时间差异: 0.014757 秒
  标签差异数量: 1
  ⚠️  存在差异
  ⚠️ 时间匹配但标签有差异

[101/1067] 处理: Bach/Prelude/bwv_854/Richardson01M.mid

============================================================
处理: Richardson01M.mid
============================================================
处理MIDI Score: data/asap-dataset/Bach/Prelude/bwv_854/midi_score.mid
运行Nakamura对齐: midi_score -> Richardson01M
对齐结果: 444 个音符对应关系
警告: 2 个annotations需要插值
Performance annotations已保存到: data/asap-dataset/Bach/Prelude/bwv_854/Richardson01M_annotations.txt.new

比较结果:
  生成的annotations数量: 93
  参考的annotations数量: 93
  平均时间差异: 0.000178 秒
  最大时间差异: 0.005209 秒
  标签差异数量: 1
  ⚠️  存在差异
  ⚠️ 时间匹配但标签有差异

[102/1067] 处理: Bach/Prelude/bwv_854/WangA01M.mid

============================================================
处理: WangA01M.mid
============================================================
处理MIDI Score: data/asap-dataset/Bach/Prelude/bwv_854/midi_score.mid
运行Nakamura对齐: midi_score -> WangA01M
对齐结果: 465 个音符对应关系
警告: 3 个annotations需要插值
Performance annotations已保存到: data/asap-dataset/Bach/Prelude/bwv_854/WangA01M_annotations.txt.new

比较结果:
  生成的annotations数量: 93
  参考的annotations数量: 93
  平均时间差异: 0.041894 秒
  最大时间差异: 2.264675 秒
  标签差异数量: 2
  ⚠️  存在差异
  ⚠️ 时间匹配但标签有差异

[103/1067] 处理: Bach/Prelude/bwv_856/LuoJ01M.mid

============================================================
处理: LuoJ01M.mid
============================================================
处理MIDI Score: data/asap-dataset/Bach/Prelude/bwv_856/midi_score.mid
运行Nakamura对齐: midi_score -> LuoJ01M
对齐结果: 824 个音符对应关系
Performance annotations已保存到: data/asap-dataset/Bach/Prelude/bwv_856/LuoJ01M_annotations.txt.new

比较结果:
  生成的annotations数量: 71
  参考的annotations数量: 72
  ⚠️  数量不一致！
  ⚠️ 时间匹配但标签有差异

[104/1067] 处理: Bach/Prelude/bwv_857/Bult-ItoS02M.mid

============================================================
处理: Bult-ItoS02M.mid
============================================================
处理MIDI Score: data/asap-dataset/Bach/Prelude/bwv_857/midi_score.mid
运行Nakamura对齐: midi_score -> Bult-ItoS02M
对齐结果: 549 个音符对应关系
警告: 3 个annotations需要插值
Performance annotations已保存到: data/asap-dataset/Bach/Prelude/bwv_857/Bult-ItoS02M_annotations.txt.new

比较结果:
  生成的annotations数量: 85
  参考的annotations数量: 85
  平均时间差异: 0.017424 秒
  最大时间差异: 0.280593 秒
  标签差异数量: 2
  ⚠️  存在差异
  ⚠️ 时间匹配但标签有差异

[105/1067] 处理: Bach/Prelude/bwv_857/Lan01M.mid

============================================================
处理: Lan01M.mid
============================================================
处理MIDI Score: data/asap-dataset/Bach/Prelude/bwv_857/midi_score.mid
运行Nakamura对齐: midi_score -> Lan01M
对齐结果: 566 个音符对应关系
警告: 3 个annotations需要插值
Performance annotations已保存到: data/asap-dataset/Bach/Prelude/bwv_857/Lan01M_annotations.txt.new

比较结果:
  生成的annotations数量: 85
  参考的annotations数量: 85
  平均时间差异: 0.013950 秒
  最大时间差异: 0.443319 秒
  标签差异数量: 2
  ⚠️  存在差异
  ⚠️ 时间匹配但标签有差异

[106/1067] 处理: Bach/Prelude/bwv_857/Lisiecki04M.mid

============================================================
处理: Lisiecki04M.mid
============================================================
处理MIDI Score: data/asap-dataset/Bach/Prelude/bwv_857/midi_score.mid
运行Nakamura对齐: midi_score -> Lisiecki04M
对齐结果: 556 个音符对应关系
警告: 3 个annotations需要插值
Performance annotations已保存到: data/asap-dataset/Bach/Prelude/bwv_857/Lisiecki04M_annotations.txt.new

比较结果:
  生成的annotations数量: 85
  参考的annotations数量: 85
  平均时间差异: 0.011736 秒
  最大时间差异: 0.291610 秒
  标签差异数量: 2
  ⚠️  存在差异
  ⚠️ 时间匹配但标签有差异

[107/1067] 处理: Bach/Prelude/bwv_857/ToA01M.mid

============================================================
处理: ToA01M.mid
============================================================
处理MIDI Score: data/asap-dataset/Bach/Prelude/bwv_857/midi_score.mid
运行Nakamura对齐: midi_score -> ToA01M
对齐结果: 557 个音符对应关系
警告: 2 个annotations需要插值
Performance annotations已保存到: data/asap-dataset/Bach/Prelude/bwv_857/ToA01M_annotations.txt.new

比较结果:
  生成的annotations数量: 85
  参考的annotations数量: 85
  平均时间差异: 0.013587 秒
  最大时间差异: 0.330533 秒
  标签差异数量: 1
  ⚠️  存在差异
  ⚠️ 时间匹配但标签有差异

[108/1067] 处理: Bach/Prelude/bwv_857/WangA01M.mid

============================================================
处理: WangA01M.mid
============================================================
处理MIDI Score: data/asap-dataset/Bach/Prelude/bwv_857/midi_score.mid
运行Nakamura对齐: midi_score -> WangA01M
对齐结果: 526 个音符对应关系
警告: 2 个annotations需要插值
Performance annotations已保存到: data/asap-dataset/Bach/Prelude/bwv_857/WangA01M_annotations.txt.new

比较结果:
  生成的annotations数量: 85
  参考的annotations数量: 85
  平均时间差异: 0.009810 秒
  最大时间差异: 0.387024 秒
  标签差异数量: 1
  ⚠️  存在差异
  ⚠️ 时间匹配但标签有差异

[109/1067] 处理: Bach/Prelude/bwv_857/YuP01M.mid

============================================================
处理: YuP01M.mid
============================================================
处理MIDI Score: data/asap-dataset/Bach/Prelude/bwv_857/midi_score.mid
运行Nakamura对齐: midi_score -> YuP01M
对齐结果: 559 个音符对应关系
警告: 2 个annotations需要插值
Performance annotations已保存到: data/asap-dataset/Bach/Prelude/bwv_857/YuP01M_annotations.txt.new

比较结果:
  生成的annotations数量: 85
  参考的annotations数量: 85
  平均时间差异: 0.002666 秒
  最大时间差异: 0.061359 秒
  标签差异数量: 1
  ⚠️  存在差异
  ⚠️ 时间匹配但标签有差异

[110/1067] 处理: Bach/Prelude/bwv_858/VuV01M.mid

============================================================
处理: VuV01M.mid
============================================================
处理MIDI Score: data/asap-dataset/Bach/Prelude/bwv_858/midi_score.mid
运行Nakamura对齐: midi_score -> VuV01M
对齐结果: 439 个音符对应关系/home/sy/.local/lib/python3.12/site-packages/pretty_midi/pretty_midi.py:122: RuntimeWarning: Tempo, Key or Time signature change events found on non-zero tracks.  This is not a valid type 0 or type 1 MIDI file.  Tempo, Key or Time Signature may be wrong.
  warnings.warn(
/home/sy/.local/lib/python3.12/site-packages/pretty_midi/pretty_midi.py:122: RuntimeWarning: Tempo, Key or Time signature change events found on non-zero tracks.  This is not a valid type 0 or type 1 MIDI file.  Tempo, Key or Time Signature may be wrong.
  warnings.warn(
/home/sy/.local/lib/python3.12/site-packages/pretty_midi/pretty_midi.py:122: RuntimeWarning: Tempo, Key or Time signature change events found on non-zero tracks.  This is not a valid type 0 or type 1 MIDI file.  Tempo, Key or Time Signature may be wrong.
  warnings.warn(
/home/sy/.local/lib/python3.12/site-packages/pretty_midi/pretty_midi.py:122: RuntimeWarning: Tempo, Key or Time signature change events found on non-zero tracks.  This is not a valid type 0 or type 1 MIDI file.  Tempo, Key or Time Signature may be wrong.
  warnings.warn(
/home/sy/.local/lib/python3.12/site-packages/pretty_midi/pretty_midi.py:122: RuntimeWarning: Tempo, Key or Time signature change events found on non-zero tracks.  This is not a valid type 0 or type 1 MIDI file.  Tempo, Key or Time Signature may be wrong.
  warnings.warn(
/home/sy/.local/lib/python3.12/site-packages/pretty_midi/pretty_midi.py:122: RuntimeWarning: Tempo, Key or Time signature change events found on non-zero tracks.  This is not a valid type 0 or type 1 MIDI file.  Tempo, Key or Time Signature may be wrong.
  warnings.warn(
/home/sy/.local/lib/python3.12/site-packages/pretty_midi/pretty_midi.py:122: RuntimeWarning: Tempo, Key or Time signature change events found on non-zero tracks.  This is not a valid type 0 or type 1 MIDI file.  Tempo, Key or Time Signature may be wrong.
  warnings.warn(
/home/sy/.local/lib/python3.12/site-packages/pretty_midi/pretty_midi.py:122: RuntimeWarning: Tempo, Key or Time signature change events found on non-zero tracks.  This is not a valid type 0 or type 1 MIDI file.  Tempo, Key or Time Signature may be wrong.
  warnings.warn(
/home/sy/.local/lib/python3.12/site-packages/pretty_midi/pretty_midi.py:122: RuntimeWarning: Tempo, Key or Time signature change events found on non-zero tracks.  This is not a valid type 0 or type 1 MIDI file.  Tempo, Key or Time Signature may be wrong.
  warnings.warn(
/home/sy/.local/lib/python3.12/site-packages/pretty_midi/pretty_midi.py:122: RuntimeWarning: Tempo, Key or Time signature change events found on non-zero tracks.  This is not a valid type 0 or type 1 MIDI file.  Tempo, Key or Time Signature may be wrong.
  warnings.warn(
/home/sy/.local/lib/python3.12/site-packages/pretty_midi/pretty_midi.py:122: RuntimeWarning: Tempo, Key or Time signature change events found on non-zero tracks.  This is not a valid type 0 or type 1 MIDI file.  Tempo, Key or Time Signature may be wrong.
  warnings.warn(

Performance annotations已保存到: data/asap-dataset/Bach/Prelude/bwv_858/VuV01M_annotations.txt.new

比较结果:
  生成的annotations数量: 119
  参考的annotations数量: 120
  ⚠️  数量不一致！
  ⚠️ 时间匹配但标签有差异

[111/1067] 处理: Bach/Prelude/bwv_858/Zhang01M.mid

============================================================
处理: Zhang01M.mid
============================================================
处理MIDI Score: data/asap-dataset/Bach/Prelude/bwv_858/midi_score.mid
运行Nakamura对齐: midi_score -> Zhang01M
对齐结果: 486 个音符对应关系
警告: 1 个annotations需要插值
Performance annotations已保存到: data/asap-dataset/Bach/Prelude/bwv_858/Zhang01M_annotations.txt.new

比较结果:
  生成的annotations数量: 119
  参考的annotations数量: 120
  ⚠️  数量不一致！
  ⚠️ 时间匹配但标签有差异

[112/1067] 处理: Bach/Prelude/bwv_860/Ko04M.mid

============================================================
处理: Ko04M.mid
============================================================
处理MIDI Score: data/asap-dataset/Bach/Prelude/bwv_860/midi_score.mid
运行Nakamura对齐: midi_score -> Ko04M
对齐结果: 616 个音符对应关系
警告: 6 个annotations需要插值
Performance annotations已保存到: data/asap-dataset/Bach/Prelude/bwv_860/Ko04M_annotations.txt.new

比较结果:
  生成的annotations数量: 145
  参考的annotations数量: 145
  平均时间差异: 0.000002 秒
  最大时间差异: 0.000326 秒
  标签差异数量: 1
  ⚠️  存在差异
  ⚠️ 时间匹配但标签有差异

[113/1067] 处理: Bach/Prelude/bwv_860/Nikiforov05M.mid

============================================================
处理: Nikiforov05M.mid
============================================================
处理MIDI Score: data/asap-dataset/Bach/Prelude/bwv_860/midi_score.mid
运行Nakamura对齐: midi_score -> Nikiforov05M
对齐结果: 608 个音符对应关系
警告: 6 个annotations需要插值
Performance annotations已保存到: data/asap-dataset/Bach/Prelude/bwv_860/Nikiforov05M_annotations.txt.new

比较结果:
  生成的annotations数量: 145
  参考的annotations数量: 145
  平均时间差异: 0.000068 秒
  最大时间差异: 0.009765 秒
  标签差异数量: 1
  ⚠️  存在差异
  ⚠️ 时间匹配但标签有差异

[114/1067] 处理: Bach/Prelude/bwv_860/Tetzloff04M.mid

============================================================
处理: Tetzloff04M.mid
============================================================
处理MIDI Score: data/asap-dataset/Bach/Prelude/bwv_860/midi_score.mid
运行Nakamura对齐: midi_score -> Tetzloff04M
对齐结果: 612 个音符对应关系
警告: 6 个annotations需要插值
Performance annotations已保存到: data/asap-dataset/Bach/Prelude/bwv_860/Tetzloff04M_annotations.txt.new

比较结果:
  生成的annotations数量: 145
  参考的annotations数量: 145
  平均时间差异: 0.000020 秒
  最大时间差异: 0.002930 秒
  标签差异数量: 1
  ⚠️  存在差异
  ⚠️ 时间匹配但标签有差异

[115/1067] 处理: Bach/Prelude/bwv_860/TuanS01M.mid

============================================================
处理: TuanS01M.mid
============================================================
处理MIDI Score: data/asap-dataset/Bach/Prelude/bwv_860/midi_score.mid
运行Nakamura对齐: midi_score -> TuanS01M
对齐结果: 613 个音符对应关系
警告: 6 个annotations需要插值
Performance annotations已保存到: data/asap-dataset/Bach/Prelude/bwv_860/TuanS01M_annotations.txt.new

比较结果:
  生成的annotations数量: 145
  参考的annotations数量: 145
  平均时间差异: 0.000591 秒
  最大时间差异: 0.085678 秒
  标签差异数量: 1
  ⚠️  存在差异
  ⚠️ 时间匹配但标签有差异

[116/1067] 处理: Bach/Prelude/bwv_860/YoungS01M.mid

============================================================
处理: YoungS01M.mid
============================================================
处理MIDI Score: data/asap-dataset/Bach/Prelude/bwv_860/midi_score.mid
运行Nakamura对齐: midi_score -> YoungS01M
对齐结果: 611 个音符对应关系
警告: 6 个annotations需要插值
Performance annotations已保存到: data/asap-dataset/Bach/Prelude/bwv_860/YoungS01M_annotations.txt.new

比较结果:
  生成的annotations数量: 145
  参考的annotations数量: 145
  平均时间差异: 0.000009 秒
  最大时间差异: 0.001302 秒
  标签差异数量: 1
  ⚠️  存在差异
  ⚠️ 时间匹配但标签有差异

[117/1067] 处理: Bach/Prelude/bwv_860/ZhangH04M.mid

============================================================
处理: ZhangH04M.mid
============================================================
处理MIDI Score: data/asap-dataset/Bach/Prelude/bwv_860/midi_score.mid
运行Nakamura对齐: midi_score -> ZhangH04M
对齐结果: 608 个音符对应关系
警告: 6 个annotations需要插值
Performance annotations已保存到: data/asap-dataset/Bach/Prelude/bwv_860/ZhangH04M_annotations.txt.new

比较结果:
  生成的annotations数量: 145
  参考的annotations数量: 145
  平均时间差异: 0.000016 秒
  最大时间差异: 0.002279 秒
  标签差异数量: 1
  ⚠️  存在差异
  ⚠️ 时间匹配但标签有差异

[118/1067] 处理: Bach/Prelude/bwv_862/Song04M.mid

============================================================
处理: Song04M.mid
============================================================
处理MIDI Score: data/asap-dataset/Bach/Prelude/bwv_862/midi_score.mid
运行Nakamura对齐: midi_score -> Song04M
对齐结果: 675 个音符对应关系
警告: 3 个annotations需要插值
Performance annotations已保存到: data/asap-dataset/Bach/Prelude/bwv_862/Song04M_annotations.txt.new

比较结果:
  生成的annotations数量: 130
  参考的annotations数量: 130
  平均时间差异: 0.000295 秒
  最大时间差异: 0.012023 秒
  标签差异数量: 3
  ⚠️  存在差异
  ⚠️ 时间匹配但标签有差异

[119/1067] 处理: Bach/Prelude/bwv_863/LeeN01M.mid

============================================================
处理: LeeN01M.mid
============================================================
处理MIDI Score: data/asap-dataset/Bach/Prelude/bwv_863/midi_score.mid
运行Nakamura对齐: midi_score -> LeeN01M
对齐结果: 562 个音符对应关系
Performance annotations已保存到: data/asap-dataset/Bach/Prelude/bwv_863/LeeN01M_annotations.txt.new

比较结果:
  生成的annotations数量: 57
  参考的annotations数量: 57
  平均时间差异: 0.004178 秒
  最大时间差异: 0.214864 秒
  标签差异数量: 1
  ⚠️  存在差异
  ⚠️ 时间匹配但标签有差异

[120/1067] 处理: Bach/Prelude/bwv_863/Shychko01M.mid

============================================================
处理: Shychko01M.mid
============================================================
处理MIDI Score: data/asap-dataset/Bach/Prelude/bwv_863/midi_score.mid
运行Nakamura对齐: midi_score -> Shychko01M
对齐结果: 564 个音符对应关系
Performance annotations已保存到: data/asap-dataset/Bach/Prelude/bwv_863/Shychko01M_annotations.txt.new

比较结果:
  生成的annotations数量: 57
  参考的annotations数量: 57
  平均时间差异: 0.008231 秒
  最大时间差异: 0.430105 秒
  标签差异数量: 1
  ⚠️  存在差异
  ⚠️ 时间匹配但标签有差异

[121/1067] 处理: Bach/Prelude/bwv_863/TongB01M.mid

============================================================
处理: TongB01M.mid
============================================================
处理MIDI Score: data/asap-dataset/Bach/Prelude/bwv_863/midi_score.mid
运行Nakamura对齐: midi_score -> TongB01M
对齐结果: 564 个音符对应关系
Performance annotations已保存到: data/asap-dataset/Bach/Prelude/bwv_863/TongB01M_annotations.txt.new

比较结果:
  生成的annotations数量: 57
  参考的annotations数量: 57
  平均时间差异: 0.006950 秒
  最大时间差异: 0.295792 秒
  标签差异数量: 1
  ⚠️  存在差异
  ⚠️ 时间匹配但标签有差异

[122/1067] 处理: Bach/Prelude/bwv_864/SunD01M.mid/home/sy/.local/lib/python3.12/site-packages/pretty_midi/pretty_midi.py:122: RuntimeWarning: Tempo, Key or Time signature change events found on non-zero tracks.  This is not a valid type 0 or type 1 MIDI file.  Tempo, Key or Time Signature may be wrong.
  warnings.warn(
/home/sy/.local/lib/python3.12/site-packages/pretty_midi/pretty_midi.py:122: RuntimeWarning: Tempo, Key or Time signature change events found on non-zero tracks.  This is not a valid type 0 or type 1 MIDI file.  Tempo, Key or Time Signature may be wrong.
  warnings.warn(
/home/sy/.local/lib/python3.12/site-packages/pretty_midi/pretty_midi.py:122: RuntimeWarning: Tempo, Key or Time signature change events found on non-zero tracks.  This is not a valid type 0 or type 1 MIDI file.  Tempo, Key or Time Signature may be wrong.
  warnings.warn(
/home/sy/.local/lib/python3.12/site-packages/pretty_midi/pretty_midi.py:122: RuntimeWarning: Tempo, Key or Time signature change events found on non-zero tracks.  This is not a valid type 0 or type 1 MIDI file.  Tempo, Key or Time Signature may be wrong.
  warnings.warn(
/home/sy/.local/lib/python3.12/site-packages/pretty_midi/pretty_midi.py:122: RuntimeWarning: Tempo, Key or Time signature change events found on non-zero tracks.  This is not a valid type 0 or type 1 MIDI file.  Tempo, Key or Time Signature may be wrong.
  warnings.warn(
/home/sy/.local/lib/python3.12/site-packages/pretty_midi/pretty_midi.py:122: RuntimeWarning: Tempo, Key or Time signature change events found on non-zero tracks.  This is not a valid type 0 or type 1 MIDI file.  Tempo, Key or Time Signature may be wrong.
  warnings.warn(
/home/sy/.local/lib/python3.12/site-packages/pretty_midi/pretty_midi.py:122: RuntimeWarning: Tempo, Key or Time signature change events found on non-zero tracks.  This is not a valid type 0 or type 1 MIDI file.  Tempo, Key or Time Signature may be wrong.
  warnings.warn(
/home/sy/.local/lib/python3.12/site-packages/pretty_midi/pretty_midi.py:122: RuntimeWarning: Tempo, Key or Time signature change events found on non-zero tracks.  This is not a valid type 0 or type 1 MIDI file.  Tempo, Key or Time Signature may be wrong.
  warnings.warn(
/home/sy/.local/lib/python3.12/site-packages/pretty_midi/pretty_midi.py:122: RuntimeWarning: Tempo, Key or Time signature change events found on non-zero tracks.  This is not a valid type 0 or type 1 MIDI file.  Tempo, Key or Time Signature may be wrong.
  warnings.warn(
/home/sy/.local/lib/python3.12/site-packages/pretty_midi/pretty_midi.py:122: RuntimeWarning: Tempo, Key or Time signature change events found on non-zero tracks.  This is not a valid type 0 or type 1 MIDI file.  Tempo, Key or Time Signature may be wrong.
  warnings.warn(
/home/sy/.local/lib/python3.12/site-packages/pretty_midi/pretty_midi.py:122: RuntimeWarning: Tempo, Key or Time signature change events found on non-zero tracks.  This is not a valid type 0 or type 1 MIDI file.  Tempo, Key or Time Signature may be wrong.
  warnings.warn(
/home/sy/.local/lib/python3.12/site-packages/pretty_midi/pretty_midi.py:122: RuntimeWarning: Tempo, Key or Time signature change events found on non-zero tracks.  This is not a valid type 0 or type 1 MIDI file.  Tempo, Key or Time Signature may be wrong.
  warnings.warn(


============================================================
处理: SunD01M.mid
============================================================
处理MIDI Score: data/asap-dataset/Bach/Prelude/bwv_864/midi_score.mid
运行Nakamura对齐: midi_score -> SunD01M
对齐结果: 611 个音符对应关系
Performance annotations已保存到: data/asap-dataset/Bach/Prelude/bwv_864/SunD01M_annotations.txt.new

比较结果:
  生成的annotations数量: 95
  参考的annotations数量: 95
  平均时间差异: 0.000402 秒
  最大时间差异: 0.011111 秒
  标签差异数量: 1
  ⚠️  存在差异
  ⚠️ 时间匹配但标签有差异

[123/1067] 处理: Bach/Prelude/bwv_865/Rizikov01M.mid

============================================================
处理: Rizikov01M.mid
============================================================
处理MIDI Score: data/asap-dataset/Bach/Prelude/bwv_865/midi_score.mid
运行Nakamura对齐: midi_score -> Rizikov01M
对齐结果: 612 个音符对应关系
Performance annotations已保存到: data/asap-dataset/Bach/Prelude/bwv_865/Rizikov01M_annotations.txt.new

比较结果:
  生成的annotations数量: 82
  参考的annotations数量: 82
  平均时间差异: 0.000260 秒
  最大时间差异: 0.007812 秒
  标签差异数量: 1
  ⚠️  存在差异
  ⚠️ 时间匹配但标签有差异

[124/1067] 处理: Bach/Prelude/bwv_865/Teo01M.mid

============================================================
处理: Teo01M.mid
============================================================
处理MIDI Score: data/asap-dataset/Bach/Prelude/bwv_865/midi_score.mid
运行Nakamura对齐: midi_score -> Teo01M
对齐结果: 613 个音符对应关系
Performance annotations已保存到: data/asap-dataset/Bach/Prelude/bwv_865/Teo01M_annotations.txt.new

比较结果:
  生成的annotations数量: 82
  参考的annotations数量: 82
  平均时间差异: 0.000138 秒
  最大时间差异: 0.003906 秒
  标签差异数量: 1
  ⚠️  存在差异
  ⚠️ 时间匹配但标签有差异

[125/1067] 处理: Bach/Prelude/bwv_865/ZhangE01M.mid

============================================================
处理: ZhangE01M.mid
============================================================
处理MIDI Score: data/asap-dataset/Bach/Prelude/bwv_865/midi_score.mid
运行Nakamura对齐: midi_score -> ZhangE01M
对齐结果: 610 个音符对应关系
Performance annotations已保存到: data/asap-dataset/Bach/Prelude/bwv_865/ZhangE01M_annotations.txt.new

比较结果:
  生成的annotations数量: 82
  参考的annotations数量: 82
  平均时间差异: 0.000242 秒
  最大时间差异: 0.004861 秒
  标签差异数量: 1
  ⚠️  存在差异
  ⚠️ 时间匹配但标签有差异

[126/1067] 处理: Bach/Prelude/bwv_866/SOLOM02.mid

============================================================
处理: SOLOM02.mid
============================================================
处理MIDI Score: data/asap-dataset/Bach/Prelude/bwv_866/midi_score.mid
运行Nakamura对齐: midi_score -> SOLOM02
对齐结果: 638 个音符对应关系
警告: 4 个annotations需要插值
Performance annotations已保存到: data/asap-dataset/Bach/Prelude/bwv_866/SOLOM02_annotations.txt.new

比较结果:
  生成的annotations数量: 79
  参考的annotations数量: 80
  ⚠️  数量不一致！
  ⚠️ 时间匹配但标签有差异

[127/1067] 处理: Bach/Prelude/bwv_867/HuNY01M.mid

============================================================
处理: HuNY01M.mid
============================================================
处理MIDI Score: data/asap-dataset/Bach/Prelude/bwv_867/midi_score.mid
运行Nakamura对齐: midi_score -> HuNY01M
对齐结果: 769 个音符对应关系
警告: 1 个annotations需要插值
Performance annotations已保存到: data/asap-dataset/Bach/Prelude/bwv_867/HuNY01M_annotations.txt.new

比较结果:
  生成的annotations数量: 95
  参考的annotations数量: 95
  平均时间差异: 0.002210 秒
  最大时间差异: 0.013657 秒
  标签差异数量: 2
  ⚠️  存在差异
  ⚠️ 时间匹配但标签有差异

[128/1067] 处理: Bach/Prelude/bwv_867/Sham01M.mid

============================================================
处理: Sham01M.mid
============================================================
处理MIDI Score: data/asap-dataset/Bach/Prelude/bwv_867/midi_score.mid
运行Nakamura对齐: midi_score -> Sham01M
对齐结果: 777 个音符对应关系
警告: 1 个annotations需要插值
Performance annotations已保存到: data/asap-dataset/Bach/Prelude/bwv_867/Sham01M_annotations.txt.new

比较结果:
  生成的annotations数量: 95
  参考的annotations数量: 95
  平均时间差异: 0.001385 秒
  最大时间差异: 0.011068 秒
  标签差异数量: 2
  ⚠️  存在差异
  ⚠️ 时间匹配但标签有差异

[129/1067] 处理: Bach/Prelude/bwv_868/GonzalezJ05M.mid

============================================================
处理: GonzalezJ05M.mid
============================================================
处理MIDI Score: data/asap-dataset/Bach/Prelude/bwv_868/midi_score.mid
运行Nakamura对齐: midi_score -> GonzalezJ05M
对齐结果: 414 个音符对应关系
Performance annotations已保存到: data/asap-dataset/Bach/Prelude/bwv_868/GonzalezJ05M_annotations.txt.new

比较结果:
  生成的annotations数量: 75
  参考的annotations数量: 75
  平均时间差异: 0.000705 秒
  最大时间差异: 0.009114 秒
  标签差异数量: 1
  ⚠️  存在差异
  ⚠️ 时间匹配但标签有差异

[130/1067] 处理: Bach/Prelude/bwv_870/ChenW01M.mid

============================================================
处理: ChenW01M.mid
============================================================
处理MIDI Score: data/asap-dataset/Bach/Prelude/bwv_870/midi_score.mid
运行Nakamura对齐: midi_score -> ChenW01M
对齐结果: 834 个音符对应关系
警告: 2 个annotations需要插值
Performance annotations已保存到: data/asap-dataset/Bach/Prelude/bwv_870/ChenW01M_annotations.txt.new

比较结果:
  生成的annotations数量: 133
  参考的annotations数量: 133
  平均时间差异: 0.000187 秒
  最大时间差异: 0.006597 秒
  标签差异数量: 1
  ⚠️  存在差异
  ⚠️ 时间匹配但标签有差异

[131/1067] 处理: Bach/Prelude/bwv_870/LeeE01M.mid

============================================================
处理: LeeE01M.mid
============================================================
处理MIDI Score: data/asap-dataset/Bach/Prelude/bwv_870/midi_score.mid
运行Nakamura对齐: midi_score -> LeeE01M
对齐结果: 834 个音符对应关系
警告: 2 个annotations需要插值
Performance annotations已保存到: data/asap-dataset/Bach/Prelude/bwv_870/LeeE01M_annotations.txt.new

比较结果:
  生成的annotations数量: 133
  参考的annotations数量: 133
  平均时间差异: 0.000386 秒
  最大时间差异: 0.009375 秒
  标签差异数量: 1
  ⚠️  存在差异
  ⚠️ 时间匹配但标签有差异

[132/1067] 处理: Bach/Prelude/bwv_870/MaximovI01M.mid

============================================================
处理: MaximovI01M.mid
============================================================
处理MIDI Score: data/asap-dataset/Bach/Prelude/bwv_870/midi_score.mid
运行Nakamura对齐: midi_score -> MaximovI01M
对齐结果: 833 个音符对应关系
警告: 2 个annotations需要插值
Performance annotations已保存到: data/asap-dataset/Bach/Prelude/bwv_870/MaximovI01M_annotations.txt.new

比较结果:
  生成的annotations数量: 133
  参考的annotations数量: 133
  平均时间差异: 0.001039 秒
  最大时间差异: 0.013021 秒
  标签差异数量: 1
  ⚠️  存在差异
  ⚠️ 时间匹配但标签有差异

[133/1067] 处理: Bach/Prelude/bwv_873/Lisiecki02.mid

============================================================
处理: Lisiecki02.mid
============================================================
处理MIDI Score: data/asap-dataset/Bach/Prelude/bwv_873/midi_score.mid
运行Nakamura对齐: midi_score -> Lisiecki02
对齐结果: 1358 个音符对应关系
警告: 7 个annotations需要插值
Performance annotations已保存到: data/asap-dataset/Bach/Prelude/bwv_873/Lisiecki02_annotations.txt.new/home/sy/.local/lib/python3.12/site-packages/pretty_midi/pretty_midi.py:122: RuntimeWarning: Tempo, Key or Time signature change events found on non-zero tracks.  This is not a valid type 0 or type 1 MIDI file.  Tempo, Key or Time Signature may be wrong.
  warnings.warn(
/home/sy/.local/lib/python3.12/site-packages/pretty_midi/pretty_midi.py:122: RuntimeWarning: Tempo, Key or Time signature change events found on non-zero tracks.  This is not a valid type 0 or type 1 MIDI file.  Tempo, Key or Time Signature may be wrong.
  warnings.warn(
/home/sy/.local/lib/python3.12/site-packages/pretty_midi/pretty_midi.py:122: RuntimeWarning: Tempo, Key or Time signature change events found on non-zero tracks.  This is not a valid type 0 or type 1 MIDI file.  Tempo, Key or Time Signature may be wrong.
  warnings.warn(
/home/sy/.local/lib/python3.12/site-packages/pretty_midi/pretty_midi.py:122: RuntimeWarning: Tempo, Key or Time signature change events found on non-zero tracks.  This is not a valid type 0 or type 1 MIDI file.  Tempo, Key or Time Signature may be wrong.
  warnings.warn(
/home/sy/.local/lib/python3.12/site-packages/pretty_midi/pretty_midi.py:122: RuntimeWarning: Tempo, Key or Time signature change events found on non-zero tracks.  This is not a valid type 0 or type 1 MIDI file.  Tempo, Key or Time Signature may be wrong.
  warnings.warn(
/home/sy/.local/lib/python3.12/site-packages/pretty_midi/pretty_midi.py:122: RuntimeWarning: Tempo, Key or Time signature change events found on non-zero tracks.  This is not a valid type 0 or type 1 MIDI file.  Tempo, Key or Time Signature may be wrong.
  warnings.warn(
/home/sy/.local/lib/python3.12/site-packages/pretty_midi/pretty_midi.py:122: RuntimeWarning: Tempo, Key or Time signature change events found on non-zero tracks.  This is not a valid type 0 or type 1 MIDI file.  Tempo, Key or Time Signature may be wrong.
  warnings.warn(
/home/sy/.local/lib/python3.12/site-packages/pretty_midi/pretty_midi.py:122: RuntimeWarning: Tempo, Key or Time signature change events found on non-zero tracks.  This is not a valid type 0 or type 1 MIDI file.  Tempo, Key or Time Signature may be wrong.
  warnings.warn(
/home/sy/.local/lib/python3.12/site-packages/pretty_midi/pretty_midi.py:122: RuntimeWarning: Tempo, Key or Time signature change events found on non-zero tracks.  This is not a valid type 0 or type 1 MIDI file.  Tempo, Key or Time Signature may be wrong.
  warnings.warn(
/home/sy/.local/lib/python3.12/site-packages/pretty_midi/pretty_midi.py:122: RuntimeWarning: Tempo, Key or Time signature change events found on non-zero tracks.  This is not a valid type 0 or type 1 MIDI file.  Tempo, Key or Time Signature may be wrong.
  warnings.warn(
/home/sy/.local/lib/python3.12/site-packages/pretty_midi/pretty_midi.py:122: RuntimeWarning: Tempo, Key or Time signature change events found on non-zero tracks.  This is not a valid type 0 or type 1 MIDI file.  Tempo, Key or Time Signature may be wrong.
  warnings.warn(
/home/sy/.local/lib/python3.12/site-packages/pretty_midi/pretty_midi.py:122: RuntimeWarning: Tempo, Key or Time signature change events found on non-zero tracks.  This is not a valid type 0 or type 1 MIDI file.  Tempo, Key or Time Signature may be wrong.
  warnings.warn(


比较结果:
  生成的annotations数量: 183
  参考的annotations数量: 184
  ⚠️  数量不一致！
  ⚠️ 时间匹配但标签有差异

[134/1067] 处理: Bach/Prelude/bwv_873/Lisiecki13M.mid

============================================================
处理: Lisiecki13M.mid
============================================================
处理MIDI Score: data/asap-dataset/Bach/Prelude/bwv_873/midi_score.mid
运行Nakamura对齐: midi_score -> Lisiecki13M
对齐结果: 1358 个音符对应关系
警告: 6 个annotations需要插值
Performance annotations已保存到: data/asap-dataset/Bach/Prelude/bwv_873/Lisiecki13M_annotations.txt.new

比较结果:
  生成的annotations数量: 183
  参考的annotations数量: 184
  ⚠️  数量不一致！
  ⚠️ 时间匹配但标签有差异

[135/1067] 处理: Bach/Prelude/bwv_874/BianF01M.mid

============================================================
处理: BianF01M.mid
============================================================
处理MIDI Score: data/asap-dataset/Bach/Prelude/bwv_874/midi_score.mid
运行Nakamura对齐: midi_score -> BianF01M
对齐结果: 1574 个音符对应关系
Performance annotations已保存到: data/asap-dataset/Bach/Prelude/bwv_874/BianF01M_annotations.txt.new

比较结果:
  生成的annotations数量: 223
  参考的annotations数量: 224
  ⚠️  数量不一致！
  ⚠️ 时间匹配但标签有差异

[136/1067] 处理: Bach/Prelude/bwv_874/WongWY01M.mid

============================================================
处理: WongWY01M.mid
============================================================
处理MIDI Score: data/asap-dataset/Bach/Prelude/bwv_874/midi_score.mid
运行Nakamura对齐: midi_score -> WongWY01M
对齐结果: 1551 个音符对应关系
Performance annotations已保存到: data/asap-dataset/Bach/Prelude/bwv_874/WongWY01M_annotations.txt.new

比较结果:
  生成的annotations数量: 223
  参考的annotations数量: 224
  ⚠️  数量不一致！
  ⚠️ 时间匹配但标签有差异

[137/1067] 处理: Bach/Prelude/bwv_875/Ahfat01M.mid

============================================================
处理: Ahfat01M.mid
============================================================
处理MIDI Score: data/asap-dataset/Bach/Prelude/bwv_875/midi_score.mid
运行Nakamura对齐: midi_score -> Ahfat01M
对齐结果: 1103 个音符对应关系
警告: 1 个annotations需要插值
Performance annotations已保存到: data/asap-dataset/Bach/Prelude/bwv_875/Ahfat01M_annotations.txt.new

比较结果:
  生成的annotations数量: 181
  参考的annotations数量: 181
  平均时间差异: 0.000004 秒
  最大时间差异: 0.000651 秒
  标签差异数量: 1
  ⚠️  存在差异
  ⚠️ 时间匹配但标签有差异

[138/1067] 处理: Bach/Prelude/bwv_875/CaoJ01M.mid

============================================================
处理: CaoJ01M.mid
============================================================
处理MIDI Score: data/asap-dataset/Bach/Prelude/bwv_875/midi_score.mid
运行Nakamura对齐: midi_score -> CaoJ01M
对齐结果: 1099 个音符对应关系
警告: 1 个annotations需要插值
Performance annotations已保存到: data/asap-dataset/Bach/Prelude/bwv_875/CaoJ01M_annotations.txt.new

比较结果:
  生成的annotations数量: 181
  参考的annotations数量: 181
  平均时间差异: 0.000108 秒
  最大时间差异: 0.019531 秒
  标签差异数量: 1
  ⚠️  存在差异
  ⚠️ 时间匹配但标签有差异

[139/1067] 处理: Bach/Prelude/bwv_875/HONG04M.mid

============================================================
处理: HONG04M.mid
============================================================
处理MIDI Score: data/asap-dataset/Bach/Prelude/bwv_875/midi_score.mid
运行Nakamura对齐: midi_score -> HONG04M
对齐结果: 1104 个音符对应关系
警告: 1 个annotations需要插值
Performance annotations已保存到: data/asap-dataset/Bach/Prelude/bwv_875/HONG04M_annotations.txt.new

比较结果:
  生成的annotations数量: 181
  参考的annotations数量: 181
  平均时间差异: 0.000026 秒
  最大时间差异: 0.004687 秒
  标签差异数量: 1
  ⚠️  存在差异
  ⚠️ 时间匹配但标签有差异

[140/1067] 处理: Bach/Prelude/bwv_876/SirajA01M.mid

============================================================
处理: SirajA01M.mid
============================================================
处理MIDI Score: data/asap-dataset/Bach/Prelude/bwv_876/midi_score.mid
运行Nakamura对齐: midi_score -> SirajA01M
对齐结果: 920 个音符对应关系
警告: 1 个annotations需要插值
Performance annotations已保存到: data/asap-dataset/Bach/Prelude/bwv_876/SirajA01M_annotations.txt.new

比较结果:
  生成的annotations数量: 211
  参考的annotations数量: 212
  ⚠️  数量不一致！
  ⚠️ 时间匹配但标签有差异

[141/1067] 处理: Bach/Prelude/bwv_876/Song01M.mid

============================================================
处理: Song01M.mid
============================================================
处理MIDI Score: data/asap-dataset/Bach/Prelude/bwv_876/midi_score.mid
运行Nakamura对齐: midi_score -> Song01M
对齐结果: 924 个音符对应关系
警告: 1 个annotations需要插值
Performance annotations已保存到: data/asap-dataset/Bach/Prelude/bwv_876/Song01M_annotations.txt.new

比较结果:
  生成的annotations数量: 211
  参考的annotations数量: 212
  ⚠️  数量不一致！
  ⚠️ 时间匹配但标签有差异

[142/1067] 处理: Bach/Prelude/bwv_880/LeungR01M.mid

============================================================
处理: LeungR01M.mid
============================================================
处理MIDI Score: data/asap-dataset/Bach/Prelude/bwv_880/midi_score.mid
运行Nakamura对齐: midi_score -> LeungR01M
对齐结果: 1240 个音符对应关系
Performance annotations已保存到: data/asap-dataset/Bach/Prelude/bwv_880/LeungR01M_annotations.txt.new

比较结果:
  生成的annotations数量: 215
  参考的annotations数量: 216
  ⚠️  数量不一致！
  ⚠️ 时间匹配但标签有差异

[143/1067] 处理: Bach/Prelude/bwv_880/Sun02.mid

============================================================
处理: Sun02.mid
============================================================
处理MIDI Score: data/asap-dataset/Bach/Prelude/bwv_880/midi_score.mid
运行Nakamura对齐: midi_score -> Sun02
对齐结果: 1237 个音符对应关系
Performance annotations已保存到: data/asap-dataset/Bach/Prelude/bwv_880/Sun02_annotations.txt.new

比较结果:
  生成的annotations数量: 215
  参考的annotations数量: 216
  ⚠️  数量不一致！
  ⚠️ 时间匹配但标签有差异

[144/1067] 处理: Bach/Prelude/bwv_880/WangA04M.mid

============================================================
处理: WangA04M.mid
============================================================
处理MIDI Score: data/asap-dataset/Bach/Prelude/bwv_880/midi_score.mid
运行Nakamura对齐: midi_score -> WangA04M
对齐结果: 1243 个音符对应关系
Performance annotations已保存到: data/asap-dataset/Bach/Prelude/bwv_880/WangA04M_annotations.txt.new

比较结果:
  生成的annotations数量: 215
  参考的annotations数量: 216
  ⚠️  数量不一致！
  ⚠️ 时间匹配但标签有差异

[145/1067] 处理: Bach/Prelude/bwv_883/GuoE01M.mid

============================================================
处理: GuoE01M.mid
============================================================
处理MIDI Score: data/asap-dataset/Bach/Prelude/bwv_883/midi_score.mid
运行Nakamura对齐: midi_score -> GuoE01M
对齐结果: 892 个音符对应关系
警告: 2 个annotations需要插值
Performance annotations已保存到: data/asap-dataset/Bach/Prelude/bwv_883/GuoE01M_annotations.txt.new

比较结果:
  生成的annotations数量: 127
  参考的annotations数量: 127
  平均时间差异: 0.007160 秒
  最大时间差异: 0.737947 秒
  标签差异数量: 2
  ⚠️  存在差异
  ⚠️ 时间匹配但标签有差异

[146/1067] 处理: Bach/Prelude/bwv_883/Lim01.mid

============================================================/home/sy/.local/lib/python3.12/site-packages/pretty_midi/pretty_midi.py:122: RuntimeWarning: Tempo, Key or Time signature change events found on non-zero tracks.  This is not a valid type 0 or type 1 MIDI file.  Tempo, Key or Time Signature may be wrong.
  warnings.warn(
/home/sy/.local/lib/python3.12/site-packages/pretty_midi/pretty_midi.py:122: RuntimeWarning: Tempo, Key or Time signature change events found on non-zero tracks.  This is not a valid type 0 or type 1 MIDI file.  Tempo, Key or Time Signature may be wrong.
  warnings.warn(
/home/sy/.local/lib/python3.12/site-packages/pretty_midi/pretty_midi.py:122: RuntimeWarning: Tempo, Key or Time signature change events found on non-zero tracks.  This is not a valid type 0 or type 1 MIDI file.  Tempo, Key or Time Signature may be wrong.
  warnings.warn(
/home/sy/.local/lib/python3.12/site-packages/pretty_midi/pretty_midi.py:122: RuntimeWarning: Tempo, Key or Time signature change events found on non-zero tracks.  This is not a valid type 0 or type 1 MIDI file.  Tempo, Key or Time Signature may be wrong.
  warnings.warn(
/home/sy/.local/lib/python3.12/site-packages/pretty_midi/pretty_midi.py:122: RuntimeWarning: Tempo, Key or Time signature change events found on non-zero tracks.  This is not a valid type 0 or type 1 MIDI file.  Tempo, Key or Time Signature may be wrong.
  warnings.warn(
/home/sy/.local/lib/python3.12/site-packages/pretty_midi/pretty_midi.py:122: RuntimeWarning: Tempo, Key or Time signature change events found on non-zero tracks.  This is not a valid type 0 or type 1 MIDI file.  Tempo, Key or Time Signature may be wrong.
  warnings.warn(
/home/sy/.local/lib/python3.12/site-packages/pretty_midi/pretty_midi.py:122: RuntimeWarning: Tempo, Key or Time signature change events found on non-zero tracks.  This is not a valid type 0 or type 1 MIDI file.  Tempo, Key or Time Signature may be wrong.
  warnings.warn(
/home/sy/.local/lib/python3.12/site-packages/pretty_midi/pretty_midi.py:122: RuntimeWarning: Tempo, Key or Time signature change events found on non-zero tracks.  This is not a valid type 0 or type 1 MIDI file.  Tempo, Key or Time Signature may be wrong.
  warnings.warn(
/home/sy/.local/lib/python3.12/site-packages/pretty_midi/pretty_midi.py:122: RuntimeWarning: Tempo, Key or Time signature change events found on non-zero tracks.  This is not a valid type 0 or type 1 MIDI file.  Tempo, Key or Time Signature may be wrong.
  warnings.warn(
/home/sy/.local/lib/python3.12/site-packages/pretty_midi/pretty_midi.py:122: RuntimeWarning: Tempo, Key or Time signature change events found on non-zero tracks.  This is not a valid type 0 or type 1 MIDI file.  Tempo, Key or Time Signature may be wrong.
  warnings.warn(
/home/sy/.local/lib/python3.12/site-packages/pretty_midi/pretty_midi.py:122: RuntimeWarning: Tempo, Key or Time signature change events found on non-zero tracks.  This is not a valid type 0 or type 1 MIDI file.  Tempo, Key or Time Signature may be wrong.
  warnings.warn(
/home/sy/.local/lib/python3.12/site-packages/pretty_midi/pretty_midi.py:122: RuntimeWarning: Tempo, Key or Time signature change events found on non-zero tracks.  This is not a valid type 0 or type 1 MIDI file.  Tempo, Key or Time Signature may be wrong.
  warnings.warn(
/home/sy/.local/lib/python3.12/site-packages/pretty_midi/pretty_midi.py:122: RuntimeWarning: Tempo, Key or Time signature change events found on non-zero tracks.  This is not a valid type 0 or type 1 MIDI file.  Tempo, Key or Time Signature may be wrong.
  warnings.warn(

处理: Lim01.mid
============================================================
处理MIDI Score: data/asap-dataset/Bach/Prelude/bwv_883/midi_score.mid
运行Nakamura对齐: midi_score -> Lim01
对齐结果: 888 个音符对应关系
警告: 2 个annotations需要插值
Performance annotations已保存到: data/asap-dataset/Bach/Prelude/bwv_883/Lim01_annotations.txt.new

比较结果:
  生成的annotations数量: 127
  参考的annotations数量: 127
  平均时间差异: 0.008409 秒
  最大时间差异: 0.932140 秒
  标签差异数量: 2
  ⚠️  存在差异
  ⚠️ 时间匹配但标签有差异

[147/1067] 处理: Bach/Prelude/bwv_883/LuM01M.mid

============================================================
处理: LuM01M.mid
============================================================
处理MIDI Score: data/asap-dataset/Bach/Prelude/bwv_883/midi_score.mid
运行Nakamura对齐: midi_score -> LuM01M
对齐结果: 888 个音符对应关系
警告: 2 个annotations需要插值
Performance annotations已保存到: data/asap-dataset/Bach/Prelude/bwv_883/LuM01M_annotations.txt.new

比较结果:
  生成的annotations数量: 127
  参考的annotations数量: 127
  平均时间差异: 0.013230 秒
  最大时间差异: 1.345566 秒
  标签差异数量: 2
  ⚠️  存在差异
  ⚠️ 时间匹配但标签有差异

[148/1067] 处理: Bach/Prelude/bwv_884/LiA01M.mid

============================================================
处理: LiA01M.mid
============================================================
处理MIDI Score: data/asap-dataset/Bach/Prelude/bwv_884/midi_score.mid
运行Nakamura对齐: midi_score -> LiA01M
对齐结果: 908 个音符对应关系
Performance annotations已保存到: data/asap-dataset/Bach/Prelude/bwv_884/LiA01M_annotations.txt.new

比较结果:
  生成的annotations数量: 143
  参考的annotations数量: 144
  ⚠️  数量不一致！
  ⚠️ 时间匹配但标签有差异

[149/1067] 处理: Bach/Prelude/bwv_885/Chon02.mid

============================================================
处理: Chon02.mid
============================================================
处理MIDI Score: data/asap-dataset/Bach/Prelude/bwv_885/midi_score.mid
运行Nakamura对齐: midi_score -> Chon02
对齐结果: 510 个音符对应关系
Performance annotations已保存到: data/asap-dataset/Bach/Prelude/bwv_885/Chon02_annotations.txt.new

比较结果:
  生成的annotations数量: 83
  参考的annotations数量: 84
  ⚠️  数量不一致！
  ⚠️ 时间匹配但标签有差异

[150/1067] 处理: Bach/Prelude/bwv_885/Guo01M.mid

============================================================
处理: Guo01M.mid
============================================================
处理MIDI Score: data/asap-dataset/Bach/Prelude/bwv_885/midi_score.mid
运行Nakamura对齐: midi_score -> Guo01M
对齐结果: 524 个音符对应关系
Performance annotations已保存到: data/asap-dataset/Bach/Prelude/bwv_885/Guo01M_annotations.txt.new

比较结果:
  生成的annotations数量: 83
  参考的annotations数量: 84
  ⚠️  数量不一致！
  ⚠️ 时间匹配但标签有差异

[151/1067] 处理: Bach/Prelude/bwv_885/Huang04M.mid

============================================================
处理: Huang04M.mid
============================================================
处理MIDI Score: data/asap-dataset/Bach/Prelude/bwv_885/midi_score.mid
运行Nakamura对齐: midi_score -> Huang04M
对齐结果: 517 个音符对应关系
Performance annotations已保存到: data/asap-dataset/Bach/Prelude/bwv_885/Huang04M_annotations.txt.new

比较结果:
  生成的annotations数量: 83
  参考的annotations数量: 84
  ⚠️  数量不一致！
  ⚠️ 时间匹配但标签有差异

[152/1067] 处理: Bach/Prelude/bwv_885/JeonH01M.mid

============================================================
处理: JeonH01M.mid
============================================================
处理MIDI Score: data/asap-dataset/Bach/Prelude/bwv_885/midi_score.mid
运行Nakamura对齐: midi_score -> JeonH01M
对齐结果: 516 个音符对应关系
Performance annotations已保存到: data/asap-dataset/Bach/Prelude/bwv_885/JeonH01M_annotations.txt.new

比较结果:
  生成的annotations数量: 83
  参考的annotations数量: 84
  ⚠️  数量不一致！
  ⚠️ 时间匹配但标签有差异

[153/1067] 处理: Bach/Prelude/bwv_885/SINKEV01.mid

============================================================
处理: SINKEV01.mid
============================================================
处理MIDI Score: data/asap-dataset/Bach/Prelude/bwv_885/midi_score.mid
运行Nakamura对齐: midi_score -> SINKEV01
对齐结果: 523 个音符对应关系
警告: 1 个annotations需要插值
Performance annotations已保存到: data/asap-dataset/Bach/Prelude/bwv_885/SINKEV01_annotations.txt.new

比较结果:
  生成的annotations数量: 83
  参考的annotations数量: 84
  ⚠️  数量不一致！
  ⚠️ 时间匹配但标签有差异

[154/1067] 处理: Bach/Prelude/bwv_885/SINKEV06.mid

============================================================
处理: SINKEV06.mid
============================================================
处理MIDI Score: data/asap-dataset/Bach/Prelude/bwv_885/midi_score.mid
运行Nakamura对齐: midi_score -> SINKEV06
对齐结果: 525 个音符对应关系
警告: 1 个annotations需要插值
Performance annotations已保存到: data/asap-dataset/Bach/Prelude/bwv_885/SINKEV06_annotations.txt.new

比较结果:
  生成的annotations数量: 83
  参考的annotations数量: 84
  ⚠️  数量不一致！
  ⚠️ 时间匹配但标签有差异

[155/1067] 处理: Bach/Prelude/bwv_887/LiYZ01M.mid

============================================================
处理: LiYZ01M.mid
============================================================
处理MIDI Score: data/asap-dataset/Bach/Prelude/bwv_887/midi_score.mid
运行Nakamura对齐: midi_score -> LiYZ01M
对齐结果: 1305 个音符对应关系
Performance annotations已保存到: data/asap-dataset/Bach/Prelude/bwv_887/LiYZ01M_annotations.txt.new

比较结果:
  生成的annotations数量: 199
  参考的annotations数量: 200
  ⚠️  数量不一致！
  ⚠️ 时间匹配但标签有差异

[156/1067] 处理: Bach/Prelude/bwv_888/ZhaoK01M.mid

============================================================
处理: ZhaoK01M.mid
============================================================
处理MIDI Score: data/asap-dataset/Bach/Prelude/bwv_888/midi_score.mid
运行Nakamura对齐: midi_score -> ZhaoK01M
对齐结果: 681 个音符对应关系
Performance annotations已保存到: data/asap-dataset/Bach/Prelude/bwv_888/ZhaoK01M_annotations.txt.new

比较结果:
  生成的annotations数量: 131
  参考的annotations数量: 132
  ⚠️  数量不一致！
  ⚠️ 时间匹配但标签有差异

[157/1067] 处理: Bach/Prelude/bwv_889/Giesbrecht01M.mid

============================================================
处理: Giesbrecht01M.mid
============================================================
处理MIDI Score: data/asap-dataset/Bach/Prelude/bwv_889/midi_score.mid
运行Nakamura对齐: midi_score -> Giesbrecht01M
对齐结果: 785 个音符对应关系
Performance annotations已保存到: data/asap-dataset/Bach/Prelude/bwv_889/Giesbrecht01M_annotations.txt.new

比较结果:
  生成的annotations数量: 127
  参考的annotations数量: 128
  ⚠️  数量不一致！
  ⚠️ 时间匹配但标签有差异

[158/1067] 处理: Bach/Prelude/bwv_889/LiuY01M.mid

============================================================
处理: LiuY01M.mid
============================================================
处理MIDI Score: data/asap-dataset/Bach/Prelude/bwv_889/midi_score.mid
运行Nakamura对齐: midi_score -> LiuY01M
对齐结果: 782 个音符对应关系
Performance annotations已保存到: data/asap-dataset/Bach/Prelude/bwv_889/LiuY01M_annotations.txt.new

比较结果:
  生成的annotations数量: 127
  参考的annotations数量: 128
  ⚠️  数量不一致！
  ⚠️ 时间匹配但标签有差异

[159/1067] 处理: Bach/Prelude/bwv_889/MunA01M.mid

============================================================/home/sy/.local/lib/python3.12/site-packages/pretty_midi/pretty_midi.py:122: RuntimeWarning: Tempo, Key or Time signature change events found on non-zero tracks.  This is not a valid type 0 or type 1 MIDI file.  Tempo, Key or Time Signature may be wrong.
  warnings.warn(
/home/sy/.local/lib/python3.12/site-packages/pretty_midi/pretty_midi.py:122: RuntimeWarning: Tempo, Key or Time signature change events found on non-zero tracks.  This is not a valid type 0 or type 1 MIDI file.  Tempo, Key or Time Signature may be wrong.
  warnings.warn(
/home/sy/.local/lib/python3.12/site-packages/pretty_midi/pretty_midi.py:122: RuntimeWarning: Tempo, Key or Time signature change events found on non-zero tracks.  This is not a valid type 0 or type 1 MIDI file.  Tempo, Key or Time Signature may be wrong.
  warnings.warn(
/home/sy/.local/lib/python3.12/site-packages/pretty_midi/pretty_midi.py:122: RuntimeWarning: Tempo, Key or Time signature change events found on non-zero tracks.  This is not a valid type 0 or type 1 MIDI file.  Tempo, Key or Time Signature may be wrong.
  warnings.warn(
/home/sy/.local/lib/python3.12/site-packages/pretty_midi/pretty_midi.py:122: RuntimeWarning: Tempo, Key or Time signature change events found on non-zero tracks.  This is not a valid type 0 or type 1 MIDI file.  Tempo, Key or Time Signature may be wrong.
  warnings.warn(
/home/sy/.local/lib/python3.12/site-packages/pretty_midi/pretty_midi.py:122: RuntimeWarning: Tempo, Key or Time signature change events found on non-zero tracks.  This is not a valid type 0 or type 1 MIDI file.  Tempo, Key or Time Signature may be wrong.
  warnings.warn(
/home/sy/.local/lib/python3.12/site-packages/pretty_midi/pretty_midi.py:122: RuntimeWarning: Tempo, Key or Time signature change events found on non-zero tracks.  This is not a valid type 0 or type 1 MIDI file.  Tempo, Key or Time Signature may be wrong.
  warnings.warn(
/home/sy/.local/lib/python3.12/site-packages/pretty_midi/pretty_midi.py:122: RuntimeWarning: Tempo, Key or Time signature change events found on non-zero tracks.  This is not a valid type 0 or type 1 MIDI file.  Tempo, Key or Time Signature may be wrong.
  warnings.warn(
/home/sy/.local/lib/python3.12/site-packages/pretty_midi/pretty_midi.py:122: RuntimeWarning: Tempo, Key or Time signature change events found on non-zero tracks.  This is not a valid type 0 or type 1 MIDI file.  Tempo, Key or Time Signature may be wrong.
  warnings.warn(
/home/sy/.local/lib/python3.12/site-packages/pretty_midi/pretty_midi.py:122: RuntimeWarning: Tempo, Key or Time signature change events found on non-zero tracks.  This is not a valid type 0 or type 1 MIDI file.  Tempo, Key or Time Signature may be wrong.
  warnings.warn(
/home/sy/.local/lib/python3.12/site-packages/pretty_midi/pretty_midi.py:122: RuntimeWarning: Tempo, Key or Time signature change events found on non-zero tracks.  This is not a valid type 0 or type 1 MIDI file.  Tempo, Key or Time Signature may be wrong.
  warnings.warn(
/home/sy/.local/lib/python3.12/site-packages/pretty_midi/pretty_midi.py:122: RuntimeWarning: Tempo, Key or Time signature change events found on non-zero tracks.  This is not a valid type 0 or type 1 MIDI file.  Tempo, Key or Time Signature may be wrong.
  warnings.warn(
/home/sy/.local/lib/python3.12/site-packages/pretty_midi/pretty_midi.py:122: RuntimeWarning: Tempo, Key or Time signature change events found on non-zero tracks.  This is not a valid type 0 or type 1 MIDI file.  Tempo, Key or Time Signature may be wrong.
  warnings.warn(

处理: MunA01M.mid
============================================================
处理MIDI Score: data/asap-dataset/Bach/Prelude/bwv_889/midi_score.mid
运行Nakamura对齐: midi_score -> MunA01M
对齐结果: 780 个音符对应关系
Performance annotations已保存到: data/asap-dataset/Bach/Prelude/bwv_889/MunA01M_annotations.txt.new

比较结果:
  生成的annotations数量: 127
  参考的annotations数量: 128
  ⚠️  数量不一致！
  ⚠️ 时间匹配但标签有差异

[160/1067] 处理: Bach/Prelude/bwv_889/Wang01M.mid

============================================================
处理: Wang01M.mid
============================================================
处理MIDI Score: data/asap-dataset/Bach/Prelude/bwv_889/midi_score.mid
运行Nakamura对齐: midi_score -> Wang01M
对齐结果: 786 个音符对应关系
Performance annotations已保存到: data/asap-dataset/Bach/Prelude/bwv_889/Wang01M_annotations.txt.new

比较结果:
  生成的annotations数量: 127
  参考的annotations数量: 128
  ⚠️  数量不一致！
  ⚠️ 时间匹配但标签有差异

[161/1067] 处理: Bach/Prelude/bwv_889/YangY02M.mid

============================================================
处理: YangY02M.mid
============================================================
处理MIDI Score: data/asap-dataset/Bach/Prelude/bwv_889/midi_score.mid
运行Nakamura对齐: midi_score -> YangY02M
对齐结果: 789 个音符对应关系
Performance annotations已保存到: data/asap-dataset/Bach/Prelude/bwv_889/YangY02M_annotations.txt.new

比较结果:
  生成的annotations数量: 127
  参考的annotations数量: 128
  ⚠️  数量不一致！
  ⚠️ 时间匹配但标签有差异

[162/1067] 处理: Bach/Prelude/bwv_889/ZhangW02M.mid

============================================================
处理: ZhangW02M.mid
============================================================
处理MIDI Score: data/asap-dataset/Bach/Prelude/bwv_889/midi_score.mid
运行Nakamura对齐: midi_score -> ZhangW02M
对齐结果: 795 个音符对应关系
Performance annotations已保存到: data/asap-dataset/Bach/Prelude/bwv_889/ZhangW02M_annotations.txt.new

比较结果:
  生成的annotations数量: 127
  参考的annotations数量: 128
  ⚠️  数量不一致！
  ⚠️ 时间匹配但标签有差异

[163/1067] 处理: Bach/Prelude/bwv_891/BLINOV04M.mid

============================================================
处理: BLINOV04M.mid
============================================================
处理MIDI Score: data/asap-dataset/Bach/Prelude/bwv_891/midi_score.mid
运行Nakamura对齐: midi_score -> BLINOV04M
对齐结果: 1180 个音符对应关系
Performance annotations已保存到: data/asap-dataset/Bach/Prelude/bwv_891/BLINOV04M_annotations.txt.new

比较结果:
  生成的annotations数量: 165
  参考的annotations数量: 165
  平均时间差异: 0.001044 秒
  最大时间差异: 0.009722 秒
  标签差异数量: 1
  ⚠️  存在差异
  ⚠️ 时间匹配但标签有差异

[164/1067] 处理: Bach/Prelude/bwv_891/Duepree06M.mid

============================================================
处理: Duepree06M.mid
============================================================
处理MIDI Score: data/asap-dataset/Bach/Prelude/bwv_891/midi_score.mid
运行Nakamura对齐: midi_score -> Duepree06M
对齐结果: 1185 个音符对应关系
Performance annotations已保存到: data/asap-dataset/Bach/Prelude/bwv_891/Duepree06M_annotations.txt.new

比较结果:
  生成的annotations数量: 165
  参考的annotations数量: 165
  平均时间差异: 0.000781 秒
  最大时间差异: 0.006077 秒
  标签差异数量: 1
  ⚠️  存在差异
  ⚠️ 时间匹配但标签有差异

[165/1067] 处理: Bach/Prelude/bwv_892/Hou01M.mid

============================================================
处理: Hou01M.mid
============================================================
处理MIDI Score: data/asap-dataset/Bach/Prelude/bwv_892/midi_score.mid
运行Nakamura对齐: midi_score -> Hou01M
对齐结果: 1084 个音符对应关系
Performance annotations已保存到: data/asap-dataset/Bach/Prelude/bwv_892/Hou01M_annotations.txt.new

比较结果:
  生成的annotations数量: 180
  参考的annotations数量: 181
  ⚠️  数量不一致！
  ⚠️ 时间匹配但标签有差异

[166/1067] 处理: Bach/Prelude/bwv_892/KabuliL01M.mid

============================================================
处理: KabuliL01M.mid
============================================================
处理MIDI Score: data/asap-dataset/Bach/Prelude/bwv_892/midi_score.mid
运行Nakamura对齐: midi_score -> KabuliL01M
对齐结果: 1086 个音符对应关系
Performance annotations已保存到: data/asap-dataset/Bach/Prelude/bwv_892/KabuliL01M_annotations.txt.new

比较结果:
  生成的annotations数量: 180
  参考的annotations数量: 181
  ⚠️  数量不一致！
  ⚠️ 时间匹配但标签有差异

[167/1067] 处理: Bach/Prelude/bwv_893/Kleisen04M.mid

============================================================
处理: Kleisen04M.mid
============================================================
处理MIDI Score: data/asap-dataset/Bach/Prelude/bwv_893/midi_score.mid
运行Nakamura对齐: midi_score -> Kleisen04M
对齐结果: 876 个音符对应关系
警告: 6 个annotations需要插值
Performance annotations已保存到: data/asap-dataset/Bach/Prelude/bwv_893/Kleisen04M_annotations.txt.new

比较结果:
  生成的annotations数量: 131
  参考的annotations数量: 131
  平均时间差异: 0.004865 秒
  最大时间差异: 0.607023 秒
  标签差异数量: 7
  ⚠️  存在差异
  ⚠️ 时间匹配但标签有差异

[168/1067] 处理: Bach/Prelude/bwv_893/Levitsky04M.mid

============================================================
处理: Levitsky04M.mid
============================================================
处理MIDI Score: data/asap-dataset/Bach/Prelude/bwv_893/midi_score.mid
运行Nakamura对齐: midi_score -> Levitsky04M
对齐结果: 885 个音符对应关系
警告: 4 个annotations需要插值
Performance annotations已保存到: data/asap-dataset/Bach/Prelude/bwv_893/Levitsky04M_annotations.txt.new

比较结果:
  生成的annotations数量: 131
  参考的annotations数量: 131
  平均时间差异: 0.010852 秒
  最大时间差异: 1.416401 秒
  标签差异数量: 5
  ⚠️  存在差异
  ⚠️ 时间匹配但标签有差异

[169/1067] 处理: Bach/Prelude/bwv_893/Wong01M.mid

============================================================
处理: Wong01M.mid
============================================================
处理MIDI Score: data/asap-dataset/Bach/Prelude/bwv_893/midi_score.mid
运行Nakamura对齐: midi_score -> Wong01M
对齐结果: 895 个音符对应关系
警告: 5 个annotations需要插值
Performance annotations已保存到: data/asap-dataset/Bach/Prelude/bwv_893/Wong01M_annotations.txt.new

比较结果:
  生成的annotations数量: 131
  参考的annotations数量: 131
  平均时间差异: 0.008100 秒
  最大时间差异: 0.916131 秒
  标签差异数量: 6
  ⚠️  存在差异
  ⚠️ 时间匹配但标签有差异

[170/1067] 处理: Balakirev/Islamey/CHEN04.mid

============================================================
处理: CHEN04.mid
============================================================
处理MIDI Score: data/asap-dataset/Balakirev/Islamey/midi_score.mid
运行Nakamura对齐: midi_score -> CHEN04
对齐结果: 8106 个音符对应关系
警告: 36 个annotations需要插值
Performance annotations已保存到: data/asap-dataset/Balakirev/Islamey/CHEN04_annotations.txt.new

比较结果:
  生成的annotations数量: 1039
  参考的annotations数量: 1041
  ⚠️  数量不一致！
  ⚠️ 时间匹配但标签有差异

[171/1067] 处理: Balakirev/Islamey/CHEN10M.mid

============================================================
处理: CHEN10M.mid
============================================================
处理MIDI Score: data/asap-dataset/Balakirev/Islamey/midi_score.mid
运行Nakamura对齐: midi_score -> CHEN10M
对齐结果: 7984 个音符对应关系
警告: 38 个annotations需要插值/home/sy/.local/lib/python3.12/site-packages/pretty_midi/pretty_midi.py:122: RuntimeWarning: Tempo, Key or Time signature change events found on non-zero tracks.  This is not a valid type 0 or type 1 MIDI file.  Tempo, Key or Time Signature may be wrong.
  warnings.warn(
/home/sy/.local/lib/python3.12/site-packages/pretty_midi/pretty_midi.py:122: RuntimeWarning: Tempo, Key or Time signature change events found on non-zero tracks.  This is not a valid type 0 or type 1 MIDI file.  Tempo, Key or Time Signature may be wrong.
  warnings.warn(
/home/sy/.local/lib/python3.12/site-packages/pretty_midi/pretty_midi.py:122: RuntimeWarning: Tempo, Key or Time signature change events found on non-zero tracks.  This is not a valid type 0 or type 1 MIDI file.  Tempo, Key or Time Signature may be wrong.
  warnings.warn(
/home/sy/.local/lib/python3.12/site-packages/pretty_midi/pretty_midi.py:122: RuntimeWarning: Tempo, Key or Time signature change events found on non-zero tracks.  This is not a valid type 0 or type 1 MIDI file.  Tempo, Key or Time Signature may be wrong.
  warnings.warn(
/home/sy/.local/lib/python3.12/site-packages/pretty_midi/pretty_midi.py:122: RuntimeWarning: Tempo, Key or Time signature change events found on non-zero tracks.  This is not a valid type 0 or type 1 MIDI file.  Tempo, Key or Time Signature may be wrong.
  warnings.warn(
/home/sy/.local/lib/python3.12/site-packages/pretty_midi/pretty_midi.py:122: RuntimeWarning: Tempo, Key or Time signature change events found on non-zero tracks.  This is not a valid type 0 or type 1 MIDI file.  Tempo, Key or Time Signature may be wrong.
  warnings.warn(
/home/sy/.local/lib/python3.12/site-packages/pretty_midi/pretty_midi.py:122: RuntimeWarning: Tempo, Key or Time signature change events found on non-zero tracks.  This is not a valid type 0 or type 1 MIDI file.  Tempo, Key or Time Signature may be wrong.
  warnings.warn(
/home/sy/.local/lib/python3.12/site-packages/pretty_midi/pretty_midi.py:122: RuntimeWarning: Tempo, Key or Time signature change events found on non-zero tracks.  This is not a valid type 0 or type 1 MIDI file.  Tempo, Key or Time Signature may be wrong.
  warnings.warn(
/home/sy/.local/lib/python3.12/site-packages/pretty_midi/pretty_midi.py:122: RuntimeWarning: Tempo, Key or Time signature change events found on non-zero tracks.  This is not a valid type 0 or type 1 MIDI file.  Tempo, Key or Time Signature may be wrong.
  warnings.warn(
/home/sy/.local/lib/python3.12/site-packages/pretty_midi/pretty_midi.py:122: RuntimeWarning: Tempo, Key or Time signature change events found on non-zero tracks.  This is not a valid type 0 or type 1 MIDI file.  Tempo, Key or Time Signature may be wrong.
  warnings.warn(
/home/sy/.local/lib/python3.12/site-packages/pretty_midi/pretty_midi.py:122: RuntimeWarning: Tempo, Key or Time signature change events found on non-zero tracks.  This is not a valid type 0 or type 1 MIDI file.  Tempo, Key or Time Signature may be wrong.
  warnings.warn(
/home/sy/.local/lib/python3.12/site-packages/pretty_midi/pretty_midi.py:122: RuntimeWarning: Tempo, Key or Time signature change events found on non-zero tracks.  This is not a valid type 0 or type 1 MIDI file.  Tempo, Key or Time Signature may be wrong.
  warnings.warn(

Performance annotations已保存到: data/asap-dataset/Balakirev/Islamey/CHEN10M_annotations.txt.new

比较结果:
  生成的annotations数量: 1039
  参考的annotations数量: 1041
  ⚠️  数量不一致！
  ⚠️ 时间匹配但标签有差异

[172/1067] 处理: Balakirev/Islamey/Cho05.mid

============================================================
处理: Cho05.mid
============================================================
处理MIDI Score: data/asap-dataset/Balakirev/Islamey/midi_score.mid
运行Nakamura对齐: midi_score -> Cho05
对齐结果: 8521 个音符对应关系
警告: 35 个annotations需要插值
Performance annotations已保存到: data/asap-dataset/Balakirev/Islamey/Cho05_annotations.txt.new

比较结果:
  生成的annotations数量: 1039
  参考的annotations数量: 1041
  ⚠️  数量不一致！
  ⚠️ 时间匹配但标签有差异

[173/1067] 处理: Balakirev/Islamey/Gorucan03.mid

============================================================
处理: Gorucan03.mid
============================================================
处理MIDI Score: data/asap-dataset/Balakirev/Islamey/midi_score.mid
运行Nakamura对齐: midi_score -> Gorucan03
对齐结果: 8287 个音符对应关系
警告: 34 个annotations需要插值
Performance annotations已保存到: data/asap-dataset/Balakirev/Islamey/Gorucan03_annotations.txt.new

比较结果:
  生成的annotations数量: 1039
  参考的annotations数量: 1041
  ⚠️  数量不一致！
  ⚠️ 时间匹配但标签有差异

[174/1067] 处理: Balakirev/Islamey/Na04.mid

============================================================
处理: Na04.mid
============================================================
处理MIDI Score: data/asap-dataset/Balakirev/Islamey/midi_score.mid
运行Nakamura对齐: midi_score -> Na04
对齐结果: 8397 个音符对应关系
警告: 36 个annotations需要插值
Performance annotations已保存到: data/asap-dataset/Balakirev/Islamey/Na04_annotations.txt.new

比较结果:
  生成的annotations数量: 1039
  参考的annotations数量: 1041
  ⚠️  数量不一致！
  ⚠️ 时间匹配但标签有差异

[175/1067] 处理: Balakirev/Islamey/Na08M.mid

============================================================
处理: Na08M.mid
============================================================
处理MIDI Score: data/asap-dataset/Balakirev/Islamey/midi_score.mid
运行Nakamura对齐: midi_score -> Na08M
对齐结果: 8357 个音符对应关系
警告: 36 个annotations需要插值
Performance annotations已保存到: data/asap-dataset/Balakirev/Islamey/Na08M_annotations.txt.new

比较结果:
  生成的annotations数量: 1039
  参考的annotations数量: 1041
  ⚠️  数量不一致！
  ⚠️ 时间匹配但标签有差异

[176/1067] 处理: Balakirev/Islamey/Shelest03.mid

============================================================
处理: Shelest03.mid
============================================================
处理MIDI Score: data/asap-dataset/Balakirev/Islamey/midi_score.mid
运行Nakamura对齐: midi_score -> Shelest03
对齐结果: 8321 个音符对应关系
警告: 34 个annotations需要插值
Performance annotations已保存到: data/asap-dataset/Balakirev/Islamey/Shelest03_annotations.txt.new

比较结果:
  生成的annotations数量: 1039
  参考的annotations数量: 1041
  ⚠️  数量不一致！
  ⚠️ 时间匹配但标签有差异

[177/1067] 处理: Balakirev/Islamey/Shi11.mid

============================================================
处理: Shi11.mid
============================================================
处理MIDI Score: data/asap-dataset/Balakirev/Islamey/midi_score.mid
运行Nakamura对齐: midi_score -> Shi11
对齐结果: 8033 个音符对应关系
警告: 34 个annotations需要插值
Performance annotations已保存到: data/asap-dataset/Balakirev/Islamey/Shi11_annotations.txt.new

比较结果:
  生成的annotations数量: 1039
  参考的annotations数量: 1041
  ⚠️  数量不一致！
  ⚠️ 时间匹配但标签有差异

[178/1067] 处理: Balakirev/Islamey/Verbaite04.mid

============================================================
处理: Verbaite04.mid
============================================================
处理MIDI Score: data/asap-dataset/Balakirev/Islamey/midi_score.mid
运行Nakamura对齐: midi_score -> Verbaite04
对齐结果: 8068 个音符对应关系
警告: 34 个annotations需要插值
Performance annotations已保存到: data/asap-dataset/Balakirev/Islamey/Verbaite04_annotations.txt.new

比较结果:
  生成的annotations数量: 1039
  参考的annotations数量: 1041
  ⚠️  数量不一致！
  ⚠️ 时间匹配但标签有差异

[179/1067] 处理: Balakirev/Islamey/Yi04M.mid

============================================================
处理: Yi04M.mid
============================================================
处理MIDI Score: data/asap-dataset/Balakirev/Islamey/midi_score.mid
运行Nakamura对齐: midi_score -> Yi04M
对齐结果: 8168 个音符对应关系
警告: 35 个annotations需要插值
Performance annotations已保存到: data/asap-dataset/Balakirev/Islamey/Yi04M_annotations.txt.new

比较结果:
  生成的annotations数量: 1039
  参考的annotations数量: 1041
  ⚠️  数量不一致！
  ⚠️ 时间匹配但标签有差异

[180/1067] 处理: Beethoven/Piano_Sonatas/1-1/KimG01.mid

============================================================
处理: KimG01.mid
============================================================
处理MIDI Score: data/asap-dataset/Beethoven/Piano_Sonatas/1-1/midi_score.mid
运行Nakamura对齐: midi_score -> KimG01
对齐结果: 1692 个音符对应关系
警告: 9 个annotations需要插值
Performance annotations已保存到: data/asap-dataset/Beethoven/Piano_Sonatas/1-1/KimG01_annotations.txt.new

比较结果:
  生成的annotations数量: 305
  参考的annotations数量: 303
  ⚠️  数量不一致！
  ⚠️ 时间匹配但标签有差异

[181/1067] 处理: Beethoven/Piano_Sonatas/10-1/Hou02M.mid

============================================================
处理: Hou02M.mid
============================================================
处理MIDI Score: data/asap-dataset/Beethoven/Piano_Sonatas/10-1/midi_score.mid
运行Nakamura对齐: midi_score -> Hou02M
对齐结果: 2609 个音符对应关系
警告: 6 个annotations需要插值
Performance annotations已保存到: data/asap-dataset/Beethoven/Piano_Sonatas/10-1/Hou02M_annotations.txt.new

比较结果:
  生成的annotations数量: 398
  参考的annotations数量: 399
  ⚠️  数量不一致！
  ⚠️ 时间匹配但标签有差异

[182/1067] 处理: Beethoven/Piano_Sonatas/11-1/Arciglione03.mid

============================================================
处理: Arciglione03.mid
============================================================
处理MIDI Score: data/asap-dataset/Beethoven/Piano_Sonatas/11-1/midi_score.mid
运行Nakamura对齐: midi_score -> Arciglione03
对齐结果: 3865 个音符对应关系
警告: 69 个annotations需要插值
Performance annotations已保存到: data/asap-dataset/Beethoven/Piano_Sonatas/11-1/Arciglione03_annotations.txt.new

比较结果:
  生成的annotations数量: 792
  参考的annotations数量: 794
  ⚠️  数量不一致！
  ⚠️ 时间匹配但标签有差异

[183/1067] 处理: Beethoven/Piano_Sonatas/11-1/DeTurck01.mid

============================================================
处理: DeTurck01.mid
============================================================
处理MIDI Score: data/asap-dataset/Beethoven/Piano_Sonatas/11-1/midi_score.mid
运行Nakamura对齐: midi_score -> DeTurck01
对齐结果: 3814 个音符对应关系
警告: 70 个annotations需要插值
Performance annotations已保存到: data/asap-dataset/Beethoven/Piano_Sonatas/11-1/DeTurck01_annotations.txt.new

比较结果:
  生成的annotations数量: 792
  参考的annotations数量: 794
  ⚠️  数量不一致！
  ⚠️ 时间匹配但标签有差异

[184/1067] 处理: Beethoven/Piano_Sonatas/11-1/LiC03M.mid

============================================================
处理: LiC03M.mid/home/sy/.local/lib/python3.12/site-packages/pretty_midi/pretty_midi.py:122: RuntimeWarning: Tempo, Key or Time signature change events found on non-zero tracks.  This is not a valid type 0 or type 1 MIDI file.  Tempo, Key or Time Signature may be wrong.
  warnings.warn(
/home/sy/.local/lib/python3.12/site-packages/pretty_midi/pretty_midi.py:122: RuntimeWarning: Tempo, Key or Time signature change events found on non-zero tracks.  This is not a valid type 0 or type 1 MIDI file.  Tempo, Key or Time Signature may be wrong.
  warnings.warn(
/home/sy/.local/lib/python3.12/site-packages/pretty_midi/pretty_midi.py:122: RuntimeWarning: Tempo, Key or Time signature change events found on non-zero tracks.  This is not a valid type 0 or type 1 MIDI file.  Tempo, Key or Time Signature may be wrong.
  warnings.warn(
/home/sy/.local/lib/python3.12/site-packages/pretty_midi/pretty_midi.py:122: RuntimeWarning: Tempo, Key or Time signature change events found on non-zero tracks.  This is not a valid type 0 or type 1 MIDI file.  Tempo, Key or Time Signature may be wrong.
  warnings.warn(
/home/sy/.local/lib/python3.12/site-packages/pretty_midi/pretty_midi.py:122: RuntimeWarning: Tempo, Key or Time signature change events found on non-zero tracks.  This is not a valid type 0 or type 1 MIDI file.  Tempo, Key or Time Signature may be wrong.
  warnings.warn(
/home/sy/.local/lib/python3.12/site-packages/pretty_midi/pretty_midi.py:122: RuntimeWarning: Tempo, Key or Time signature change events found on non-zero tracks.  This is not a valid type 0 or type 1 MIDI file.  Tempo, Key or Time Signature may be wrong.
  warnings.warn(
/home/sy/.local/lib/python3.12/site-packages/pretty_midi/pretty_midi.py:122: RuntimeWarning: Tempo, Key or Time signature change events found on non-zero tracks.  This is not a valid type 0 or type 1 MIDI file.  Tempo, Key or Time Signature may be wrong.
  warnings.warn(
/home/sy/.local/lib/python3.12/site-packages/pretty_midi/pretty_midi.py:122: RuntimeWarning: Tempo, Key or Time signature change events found on non-zero tracks.  This is not a valid type 0 or type 1 MIDI file.  Tempo, Key or Time Signature may be wrong.
  warnings.warn(
/home/sy/.local/lib/python3.12/site-packages/pretty_midi/pretty_midi.py:122: RuntimeWarning: Tempo, Key or Time signature change events found on non-zero tracks.  This is not a valid type 0 or type 1 MIDI file.  Tempo, Key or Time Signature may be wrong.
  warnings.warn(
/home/sy/.local/lib/python3.12/site-packages/pretty_midi/pretty_midi.py:122: RuntimeWarning: Tempo, Key or Time signature change events found on non-zero tracks.  This is not a valid type 0 or type 1 MIDI file.  Tempo, Key or Time Signature may be wrong.
  warnings.warn(
/home/sy/.local/lib/python3.12/site-packages/pretty_midi/pretty_midi.py:122: RuntimeWarning: Tempo, Key or Time signature change events found on non-zero tracks.  This is not a valid type 0 or type 1 MIDI file.  Tempo, Key or Time Signature may be wrong.
  warnings.warn(
/home/sy/.local/lib/python3.12/site-packages/pretty_midi/pretty_midi.py:122: RuntimeWarning: Tempo, Key or Time signature change events found on non-zero tracks.  This is not a valid type 0 or type 1 MIDI file.  Tempo, Key or Time Signature may be wrong.
  warnings.warn(

============================================================
处理MIDI Score: data/asap-dataset/Beethoven/Piano_Sonatas/11-1/midi_score.mid
运行Nakamura对齐: midi_score -> LiC03M
对齐结果: 3811 个音符对应关系
警告: 69 个annotations需要插值
Performance annotations已保存到: data/asap-dataset/Beethoven/Piano_Sonatas/11-1/LiC03M_annotations.txt.new

比较结果:
  生成的annotations数量: 792
  参考的annotations数量: 794
  ⚠️  数量不一致！
  ⚠️ 时间匹配但标签有差异

[185/1067] 处理: Beethoven/Piano_Sonatas/11-1/LiYZ03M.mid

============================================================
处理: LiYZ03M.mid
============================================================
处理MIDI Score: data/asap-dataset/Beethoven/Piano_Sonatas/11-1/midi_score.mid
运行Nakamura对齐: midi_score -> LiYZ03M
对齐结果: 3841 个音符对应关系
警告: 69 个annotations需要插值
Performance annotations已保存到: data/asap-dataset/Beethoven/Piano_Sonatas/11-1/LiYZ03M_annotations.txt.new

比较结果:
  生成的annotations数量: 792
  参考的annotations数量: 794
  ⚠️  数量不一致！
  ⚠️ 时间匹配但标签有差异

[186/1067] 处理: Beethoven/Piano_Sonatas/11-1/MaximovI02M.mid

============================================================
处理: MaximovI02M.mid
============================================================
处理MIDI Score: data/asap-dataset/Beethoven/Piano_Sonatas/11-1/midi_score.mid
运行Nakamura对齐: midi_score -> MaximovI02M
对齐结果: 3881 个音符对应关系
警告: 69 个annotations需要插值
Performance annotations已保存到: data/asap-dataset/Beethoven/Piano_Sonatas/11-1/MaximovI02M_annotations.txt.new

比较结果:
  生成的annotations数量: 792
  参考的annotations数量: 794
  ⚠️  数量不一致！
  ⚠️ 时间匹配但标签有差异

[187/1067] 处理: Beethoven/Piano_Sonatas/11-1/NAKAJI01.mid

============================================================
处理: NAKAJI01.mid
============================================================
处理MIDI Score: data/asap-dataset/Beethoven/Piano_Sonatas/11-1/midi_score.mid
运行Nakamura对齐: midi_score -> NAKAJI01
对齐结果: 3829 个音符对应关系
警告: 69 个annotations需要插值
Performance annotations已保存到: data/asap-dataset/Beethoven/Piano_Sonatas/11-1/NAKAJI01_annotations.txt.new

比较结果:
  生成的annotations数量: 792
  参考的annotations数量: 794
  ⚠️  数量不一致！
  ⚠️ 时间匹配但标签有差异

[188/1067] 处理: Beethoven/Piano_Sonatas/11-1/ZhaoK02M.mid

============================================================
处理: ZhaoK02M.mid
============================================================
处理MIDI Score: data/asap-dataset/Beethoven/Piano_Sonatas/11-1/midi_score.mid
运行Nakamura对齐: midi_score -> ZhaoK02M
对齐结果: 3886 个音符对应关系
警告: 69 个annotations需要插值
Performance annotations已保存到: data/asap-dataset/Beethoven/Piano_Sonatas/11-1/ZhaoK02M_annotations.txt.new

比较结果:
  生成的annotations数量: 792
  参考的annotations数量: 794
  ⚠️  数量不一致！
  ⚠️ 时间匹配但标签有差异

[189/1067] 处理: Beethoven/Piano_Sonatas/11-2/MaximovI04.mid

============================================================
处理: MaximovI04.mid
============================================================
处理MIDI Score: data/asap-dataset/Beethoven/Piano_Sonatas/11-2/midi_score.mid
运行Nakamura对齐: midi_score -> MaximovI04
对齐结果: 2176 个音符对应关系
警告: 1 个annotations需要插值
Performance annotations已保存到: data/asap-dataset/Beethoven/Piano_Sonatas/11-2/MaximovI04_annotations.txt.new

比较结果:
  生成的annotations数量: 229
  参考的annotations数量: 230
  ⚠️  数量不一致！
  ⚠️ 时间匹配但标签有差异

[190/1067] 处理: Beethoven/Piano_Sonatas/11-3/MaximovI05.mid

============================================================
处理: MaximovI05.mid
============================================================
处理MIDI Score: data/asap-dataset/Beethoven/Piano_Sonatas/11-3/midi_score.mid
运行Nakamura对齐: midi_score -> MaximovI05
对齐结果: 1954 个音符对应关系
警告: 6 个annotations需要插值
Performance annotations已保存到: data/asap-dataset/Beethoven/Piano_Sonatas/11-3/MaximovI05_annotations.txt.new

比较结果:
  生成的annotations数量: 365
  参考的annotations数量: 366
  ⚠️  数量不一致！
  ⚠️ 时间匹配但标签有差异

[191/1067] 处理: Beethoven/Piano_Sonatas/12-1/Garritson01.mid

============================================================
处理: Garritson01.mid
============================================================
处理MIDI Score: data/asap-dataset/Beethoven/Piano_Sonatas/12-1/midi_score.mid
运行Nakamura对齐: midi_score -> Garritson01
对齐结果: 3324 个音符对应关系
警告: 4 个annotations需要插值
Performance annotations已保存到: data/asap-dataset/Beethoven/Piano_Sonatas/12-1/Garritson01_annotations.txt.new

比较结果:
  生成的annotations数量: 653
  参考的annotations数量: 652
  ⚠️  数量不一致！
  ⚠️ 时间匹配但标签有差异

[192/1067] 处理: Beethoven/Piano_Sonatas/12-1/Kleisen05M.mid

============================================================
处理: Kleisen05M.mid
============================================================
处理MIDI Score: data/asap-dataset/Beethoven/Piano_Sonatas/12-1/midi_score.mid
运行Nakamura对齐: midi_score -> Kleisen05M
对齐结果: 3194 个音符对应关系
警告: 5 个annotations需要插值
Performance annotations已保存到: data/asap-dataset/Beethoven/Piano_Sonatas/12-1/Kleisen05M_annotations.txt.new

比较结果:
  生成的annotations数量: 653
  参考的annotations数量: 652
  ⚠️  数量不一致！
  ⚠️ 时间匹配但标签有差异

[193/1067] 处理: Beethoven/Piano_Sonatas/12-1/Zhao02.mid

============================================================
处理: Zhao02.mid
============================================================
处理MIDI Score: data/asap-dataset/Beethoven/Piano_Sonatas/12-1/midi_score.mid
运行Nakamura对齐: midi_score -> Zhao02
对齐结果: 3300 个音符对应关系
警告: 7 个annotations需要插值
Performance annotations已保存到: data/asap-dataset/Beethoven/Piano_Sonatas/12-1/Zhao02_annotations.txt.new

比较结果:
  生成的annotations数量: 653
  参考的annotations数量: 652
  ⚠️  数量不一致！
  ⚠️ 时间匹配但标签有差异

[194/1067] 处理: Beethoven/Piano_Sonatas/13-4/Taverna01.mid

============================================================
处理: Taverna01.mid
============================================================
处理MIDI Score: data/asap-dataset/Beethoven/Piano_Sonatas/13-4/midi_score.mid
运行Nakamura对齐: midi_score -> Taverna01
对齐结果: 4107 个音符对应关系
警告: 5 个annotations需要插值
Performance annotations已保存到: data/asap-dataset/Beethoven/Piano_Sonatas/13-4/Taverna01_annotations.txt.new

比较结果:
  生成的annotations数量: 579
  参考的annotations数量: 579
  平均时间差异: 0.607992 秒
  最大时间差异: 12.903646 秒
  标签差异数量: 579
  ⚠️  存在差异
  ⚠️ 时间匹配但标签有差异

[195/1067] 处理: Beethoven/Piano_Sonatas/14-3/Meek03.mid

============================================================
处理: Meek03.mid
============================================================
处理MIDI Score: data/asap-dataset/Beethoven/Piano_Sonatas/14-3/midi_score.mid
运行Nakamura对齐: midi_score -> Meek03
对齐结果: 4912 个音符对应关系
警告: 32 个annotations需要插值
Performance annotations已保存到: data/asap-dataset/Beethoven/Piano_Sonatas/14-3/Meek03_annotations.txt.new

比较结果:
  生成的annotations数量: 832
  参考的annotations数量: 797
  ⚠️  数量不一致！
  ⚠️ 时间匹配但标签有差异

[196/1067] 处理: Beethoven/Piano_Sonatas/15-1/LEE_H01.mid

============================================================
/home/sy/.local/lib/python3.12/site-packages/pretty_midi/pretty_midi.py:122: RuntimeWarning: Tempo, Key or Time signature change events found on non-zero tracks.  This is not a valid type 0 or type 1 MIDI file.  Tempo, Key or Time Signature may be wrong.
  warnings.warn(
/home/sy/.local/lib/python3.12/site-packages/pretty_midi/pretty_midi.py:122: RuntimeWarning: Tempo, Key or Time signature change events found on non-zero tracks.  This is not a valid type 0 or type 1 MIDI file.  Tempo, Key or Time Signature may be wrong.
  warnings.warn(
/home/sy/.local/lib/python3.12/site-packages/pretty_midi/pretty_midi.py:122: RuntimeWarning: Tempo, Key or Time signature change events found on non-zero tracks.  This is not a valid type 0 or type 1 MIDI file.  Tempo, Key or Time Signature may be wrong.
  warnings.warn(
/home/sy/.local/lib/python3.12/site-packages/pretty_midi/pretty_midi.py:122: RuntimeWarning: Tempo, Key or Time signature change events found on non-zero tracks.  This is not a valid type 0 or type 1 MIDI file.  Tempo, Key or Time Signature may be wrong.
  warnings.warn(
/home/sy/.local/lib/python3.12/site-packages/pretty_midi/pretty_midi.py:122: RuntimeWarning: Tempo, Key or Time signature change events found on non-zero tracks.  This is not a valid type 0 or type 1 MIDI file.  Tempo, Key or Time Signature may be wrong.
  warnings.warn(
/home/sy/.local/lib/python3.12/site-packages/pretty_midi/pretty_midi.py:122: RuntimeWarning: Tempo, Key or Time signature change events found on non-zero tracks.  This is not a valid type 0 or type 1 MIDI file.  Tempo, Key or Time Signature may be wrong.
  warnings.warn(
/home/sy/.local/lib/python3.12/site-packages/pretty_midi/pretty_midi.py:122: RuntimeWarning: Tempo, Key or Time signature change events found on non-zero tracks.  This is not a valid type 0 or type 1 MIDI file.  Tempo, Key or Time Signature may be wrong.
  warnings.warn(
/home/sy/.local/lib/python3.12/site-packages/pretty_midi/pretty_midi.py:122: RuntimeWarning: Tempo, Key or Time signature change events found on non-zero tracks.  This is not a valid type 0 or type 1 MIDI file.  Tempo, Key or Time Signature may be wrong.
  warnings.warn(
/home/sy/.local/lib/python3.12/site-packages/pretty_midi/pretty_midi.py:122: RuntimeWarning: Tempo, Key or Time signature change events found on non-zero tracks.  This is not a valid type 0 or type 1 MIDI file.  Tempo, Key or Time Signature may be wrong.
  warnings.warn(
/home/sy/.local/lib/python3.12/site-packages/pretty_midi/pretty_midi.py:122: RuntimeWarning: Tempo, Key or Time signature change events found on non-zero tracks.  This is not a valid type 0 or type 1 MIDI file.  Tempo, Key or Time Signature may be wrong.
  warnings.warn(
/home/sy/.local/lib/python3.12/site-packages/pretty_midi/pretty_midi.py:122: RuntimeWarning: Tempo, Key or Time signature change events found on non-zero tracks.  This is not a valid type 0 or type 1 MIDI file.  Tempo, Key or Time Signature may be wrong.
  warnings.warn(
/home/sy/.local/lib/python3.12/site-packages/pretty_midi/pretty_midi.py:122: RuntimeWarning: Tempo, Key or Time signature change events found on non-zero tracks.  This is not a valid type 0 or type 1 MIDI file.  Tempo, Key or Time Signature may be wrong.
  warnings.warn(
处理: LEE_H01.mid
============================================================
处理MIDI Score: data/asap-dataset/Beethoven/Piano_Sonatas/15-1/midi_score.mid
运行Nakamura对齐: midi_score -> LEE_H01
对齐结果: 3921 个音符对应关系
警告: 86 个annotations需要插值
Performance annotations已保存到: data/asap-dataset/Beethoven/Piano_Sonatas/15-1/LEE_H01_annotations.txt.new

比较结果:
  生成的annotations数量: 1375
  参考的annotations数量: 1378
  ⚠️  数量不一致！
  ⚠️ 时间匹配但标签有差异

[197/1067] 处理: Beethoven/Piano_Sonatas/15-1/Sekino01.mid

============================================================
处理: Sekino01.mid
============================================================
处理MIDI Score: data/asap-dataset/Beethoven/Piano_Sonatas/15-1/midi_score.mid
运行Nakamura对齐: midi_score -> Sekino01
对齐结果: 3944 个音符对应关系
警告: 83 个annotations需要插值
Performance annotations已保存到: data/asap-dataset/Beethoven/Piano_Sonatas/15-1/Sekino01_annotations.txt.new

比较结果:
  生成的annotations数量: 1375
  参考的annotations数量: 1378
  ⚠️  数量不一致！
  ⚠️ 时间匹配但标签有差异

[198/1067] 处理: Beethoven/Piano_Sonatas/15-1/ZhaoA02.mid

============================================================
处理: ZhaoA02.mid
============================================================
处理MIDI Score: data/asap-dataset/Beethoven/Piano_Sonatas/15-1/midi_score.mid
运行Nakamura对齐: midi_score -> ZhaoA02
对齐结果: 3917 个音符对应关系
警告: 82 个annotations需要插值
Performance annotations已保存到: data/asap-dataset/Beethoven/Piano_Sonatas/15-1/ZhaoA02_annotations.txt.new

比较结果:
  生成的annotations数量: 1375
  参考的annotations数量: 1378
  ⚠️  数量不一致！
  ⚠️ 时间匹配但标签有差异

[199/1067] 处理: Beethoven/Piano_Sonatas/15-4/Floril01.mid

============================================================
处理: Floril01.mid
============================================================
处理MIDI Score: data/asap-dataset/Beethoven/Piano_Sonatas/15-4/midi_score.mid
运行Nakamura对齐: midi_score -> Floril01
对齐结果: 2736 个音符对应关系
警告: 17 个annotations需要插值
Performance annotations已保存到: data/asap-dataset/Beethoven/Piano_Sonatas/15-4/Floril01_annotations.txt.new

比较结果:
  生成的annotations数量: 424
  参考的annotations数量: 419
  ⚠️  数量不一致！
  ⚠️ 时间匹配但标签有差异

[200/1067] 处理: Beethoven/Piano_Sonatas/16-1/BuiJL02M.mid

============================================================
处理: BuiJL02M.mid
============================================================
处理MIDI Score: data/asap-dataset/Beethoven/Piano_Sonatas/16-1/midi_score.mid
运行Nakamura对齐: midi_score -> BuiJL02M
对齐结果: 3264 个音符对应关系
警告: 98 个annotations需要插值
Performance annotations已保存到: data/asap-dataset/Beethoven/Piano_Sonatas/16-1/BuiJL02M_annotations.txt.new

比较结果:
  生成的annotations数量: 648
  参考的annotations数量: 648
  平均时间差异: 0.434244 秒
  最大时间差异: 1.130209 秒
  标签差异数量: 348
  ⚠️  存在差异
  ⚠️ 时间匹配但标签有差异

[201/1067] 处理: Beethoven/Piano_Sonatas/16-1/Khmara01.mid

============================================================
处理: Khmara01.mid
============================================================
处理MIDI Score: data/asap-dataset/Beethoven/Piano_Sonatas/16-1/midi_score.mid
运行Nakamura对齐: midi_score -> Khmara01
对齐结果: 3375 个音符对应关系
警告: 98 个annotations需要插值
Performance annotations已保存到: data/asap-dataset/Beethoven/Piano_Sonatas/16-1/Khmara01_annotations.txt.new

比较结果:
  生成的annotations数量: 648
  参考的annotations数量: 648
  平均时间差异: 0.437494 秒
  最大时间差异: 0.669237 秒
  标签差异数量: 348
  ⚠️  存在差异
  ⚠️ 时间匹配但标签有差异

[202/1067] 处理: Beethoven/Piano_Sonatas/16-1/Khmara05M.mid

============================================================
处理: Khmara05M.mid
============================================================
处理MIDI Score: data/asap-dataset/Beethoven/Piano_Sonatas/16-1/midi_score.mid
运行Nakamura对齐: midi_score -> Khmara05M
对齐结果: 3332 个音符对应关系
警告: 98 个annotations需要插值
Performance annotations已保存到: data/asap-dataset/Beethoven/Piano_Sonatas/16-1/Khmara05M_annotations.txt.new

比较结果:
  生成的annotations数量: 648
  参考的annotations数量: 648
  平均时间差异: 0.436314 秒
  最大时间差异: 0.658855 秒
  标签差异数量: 348
  ⚠️  存在差异
  ⚠️ 时间匹配但标签有差异

[203/1067] 处理: Beethoven/Piano_Sonatas/16-1/LeeSH02M.mid

============================================================
处理: LeeSH02M.mid
============================================================
处理MIDI Score: data/asap-dataset/Beethoven/Piano_Sonatas/16-1/midi_score.mid
运行Nakamura对齐: midi_score -> LeeSH02M
对齐结果: 3370 个音符对应关系
警告: 98 个annotations需要插值
Performance annotations已保存到: data/asap-dataset/Beethoven/Piano_Sonatas/16-1/LeeSH02M_annotations.txt.new

比较结果:
  生成的annotations数量: 648
  参考的annotations数量: 648
  平均时间差异: 0.470677 秒
  最大时间差异: 1.031120 秒
  标签差异数量: 348
  ⚠️  存在差异
  ⚠️ 时间匹配但标签有差异

[204/1067] 处理: Beethoven/Piano_Sonatas/16-1/LuoJ03M.mid

============================================================
处理: LuoJ03M.mid
============================================================
处理MIDI Score: data/asap-dataset/Beethoven/Piano_Sonatas/16-1/midi_score.mid
运行Nakamura对齐: midi_score -> LuoJ03M
对齐结果: 3339 个音符对应关系
警告: 101 个annotations需要插值
Performance annotations已保存到: data/asap-dataset/Beethoven/Piano_Sonatas/16-1/LuoJ03M_annotations.txt.new

比较结果:
  生成的annotations数量: 648
  参考的annotations数量: 646
  ⚠️  数量不一致！
  ⚠️ 时间匹配但标签有差异

[205/1067] 处理: Beethoven/Piano_Sonatas/16-1/Shybayeva02.mid

============================================================
处理: Shybayeva02.mid
============================================================
处理MIDI Score: data/asap-dataset/Beethoven/Piano_Sonatas/16-1/midi_score.mid
运行Nakamura对齐: midi_score -> Shybayeva02
对齐结果: 3403 个音符对应关系
警告: 99 个annotations需要插值
Performance annotations已保存到: data/asap-dataset/Beethoven/Piano_Sonatas/16-1/Shybayeva02_annotations.txt.new

比较结果:
  生成的annotations数量: 648
  参考的annotations数量: 648
  平均时间差异: 0.467595 秒
  最大时间差异: 1.044337 秒
  标签差异数量: 349
  ⚠️  存在差异
  ⚠️ 时间匹配但标签有差异

[206/1067] 处理: Beethoven/Piano_Sonatas/16-1/Woo01.mid

============================================================
处理: Woo01.mid
============================================================
处理MIDI Score: data/asap-dataset/Beethoven/Piano_Sonatas/16-1/midi_score.mid
运行Nakamura对齐: midi_score -> Woo01
对齐结果: 3378 个音符对应关系
警告: 98 个annotations需要插值
Performance annotations已保存到: data/asap-dataset/Beethoven/Piano_Sonatas/16-1/Woo01_annotations.txt.new

比较结果:
  生成的annotations数量: 648
  参考的annotations数量: 648
  平均时间差异: 0.458618 秒
  最大时间差异: 1.041332 秒
  标签差异数量: 348
  ⚠️  存在差异
  ⚠️ 时间匹配但标签有差异

[207/1067] 处理: Beethoven/Piano_Sonatas/16-1/Woo05M.mid

============================================================
处理: Woo05M.mid
============================================================
处理MIDI Score: data/asap-dataset/Beethoven/Piano_Sonatas/16-1/midi_score.mid
运行Nakamura对齐: midi_score -> Woo05M
对齐结果: 3306 个音符对应关系/home/sy/.local/lib/python3.12/site-packages/pretty_midi/pretty_midi.py:122: RuntimeWarning: Tempo, Key or Time signature change events found on non-zero tracks.  This is not a valid type 0 or type 1 MIDI file.  Tempo, Key or Time Signature may be wrong.
  warnings.warn(
/home/sy/.local/lib/python3.12/site-packages/pretty_midi/pretty_midi.py:122: RuntimeWarning: Tempo, Key or Time signature change events found on non-zero tracks.  This is not a valid type 0 or type 1 MIDI file.  Tempo, Key or Time Signature may be wrong.
  warnings.warn(
/home/sy/.local/lib/python3.12/site-packages/pretty_midi/pretty_midi.py:122: RuntimeWarning: Tempo, Key or Time signature change events found on non-zero tracks.  This is not a valid type 0 or type 1 MIDI file.  Tempo, Key or Time Signature may be wrong.
  warnings.warn(
/home/sy/.local/lib/python3.12/site-packages/pretty_midi/pretty_midi.py:122: RuntimeWarning: Tempo, Key or Time signature change events found on non-zero tracks.  This is not a valid type 0 or type 1 MIDI file.  Tempo, Key or Time Signature may be wrong.
  warnings.warn(
